ORDEM,MUNICIPIO,ARQUIVO_PDF,LINK_PDF
001,Adamantina,001_Adamantina.pdf,https://apm-fundeb-sp.vercel.app/relatorios-apm/001_Adamantina.pdf
002,Adolfo,002_Adolfo.pdf,https://apm-fundeb-sp.vercel.app/relatorios-apm/002_Adolfo.pdf
003,Aguaí,003_Aguaí.pdf,https://apm-fundeb-sp.vercel.app/relatorios-apm/003_Agua%C3%AD.pdf
004,Águas da Prata,004_Águas_da_Prata.pdf,https://apm-fundeb-sp.vercel.app/relatorios-apm/004_%C3%81guas_da_Prata.pdf
005,Águas de Lindóia,005_Águas_de_Lindóia.pdf,https://apm-fundeb-sp.vercel.app/relatorios-apm/005_%C3%81guas_de_Lind%C3%B3ia.pdf
006,Águas de Santa Bárbara,006_Águas_de_Santa_Bárbara.pdf,https://apm-fundeb-sp.vercel.app/relatorios-apm/006_%C3%81guas_de_Santa_B%C3%A1rbara.pdf
007,Águas de São Pedro,007_Águas_de_São_Pedro.pdf,https://apm-fundeb-sp.vercel.app/relatorios-apm/007_%C3%81guas_de_S%C3%A3o_Pedro.pdf
008,Agudos,008_Agudos.pdf,https://apm-fundeb-sp.vercel.app/relatorios-apm/008_Agudos.pdf
009,Alambari,009_Alambari.pdf,https://apm-fundeb-sp.vercel.app/relatorios-apm/009_Alambari.pdf
010,Alfredo Marcondes,010_Alfredo_Marcondes.pdf,https://apm-fundeb-sp.vercel.app/relatorios-apm/010_Alfredo_Marcondes.pdf
011,Altair,011_Altair.pdf,https://apm-fundeb-sp.vercel.app/relatorios-apm/011_Altair.pdf
012,Altinópolis,012_Altinópolis.pdf,https://apm-fundeb-sp.vercel.app/relatorios-apm/012_Altin%C3%B3polis.pdf
013,Alto Alegre,013_Alto_Alegre.pdf,https://apm-fundeb-sp.vercel.app/relatorios-apm/013_Alto_Alegre.pdf
014,Alumínio,014_Alumínio.pdf,https://apm-fundeb-sp.vercel.app/relatorios-apm/014_Alum%C3%ADnio.pdf
015,Álvares Florence,015_Álvares_Florence.pdf,https://apm-fundeb-sp.vercel.app/relatorios-apm/015_%C3%81lvares_Florence.pdf
016,Álvares Machado,016_Álvares_Machado.pdf,https://apm-fundeb-sp.vercel.app/relatorios-apm/016_%C3%81lvares_Machado.pdf
017,Álvaro de Carvalho,017_Álvaro_de_Carvalho.pdf,https://apm-fundeb-sp.vercel.app/relatorios-apm/017_%C3%81lvaro_de_Carvalho.pdf
018,Alvinlândia,018_Alvinlândia.pdf,https://apm-fundeb-sp.vercel.app/relatorios-apm/018_Alvinl%C3%A2ndia.pdf
019,Americana,019_Americana.pdf,https://apm-fundeb-sp.vercel.app/relatorios-apm/019_Americana.pdf
020,Américo Brasiliense,020_Américo_Brasiliense.pdf,https://apm-fundeb-sp.vercel.app/relatorios-apm/020_Am%C3%A9rico_Brasiliense.pdf
021,Américo de Campos,021_Américo_de_Campos.pdf,https://apm-fundeb-sp.vercel.app/relatorios-apm/021_Am%C3%A9rico_de_Campos.pdf
022,Amparo,022_Amparo.pdf,https://apm-fundeb-sp.vercel.app/relatorios-apm/022_Amparo.pdf
023,Ibirarema,023_Ibirarema.pdf,https://apm-fundeb-sp.vercel.app/relatorios-apm/023_Ibirarema.pdf
024,Analândia,024_Analândia.pdf,https://apm-fundeb-sp.vercel.app/relatorios-apm/024_Anal%C3%A2ndia.pdf
025,Andradina,025_Andradina.pdf,https://apm-fundeb-sp.vercel.app/relatorios-apm/025_Andradina.pdf
026,Angatuba,026_Angatuba.pdf,https://apm-fundeb-sp.vercel.app/relatorios-apm/026_Angatuba.pdf
027,Anhembi,027_Anhembi.pdf,https://apm-fundeb-sp.vercel.app/relatorios-apm/027_Anhembi.pdf
028,Anhumas,028_Anhumas.pdf,https://apm-fundeb-sp.vercel.app/relatorios-apm/028_Anhumas.pdf
029,Aparecida,029_Aparecida.pdf,https://apm-fundeb-sp.vercel.app/relatorios-apm/029_Aparecida.pdf
030,Aparecida DOeste,030_Aparecida_DOeste.pdf,https://apm-fundeb-sp.vercel.app/relatorios-apm/030_Aparecida_DOeste.pdf
031,Apiaí,031_Apiaí.pdf,https://apm-fundeb-sp.vercel.app/relatorios-apm/031_Apia%C3%AD.pdf
032,Araçariguama,032_Araçariguama.pdf,https://apm-fundeb-sp.vercel.app/relatorios-apm/032_Ara%C3%A7ariguama.pdf
033,Araçatuba,033_Araçatuba.pdf,https://apm-fundeb-sp.vercel.app/relatorios-apm/033_Ara%C3%A7atuba.pdf
034,Araçoiaba da Serra,034_Araçoiaba_da_Serra.pdf,https://apm-fundeb-sp.vercel.app/relatorios-apm/034_Ara%C3%A7oiaba_da_Serra.pdf
035,Aramina,035_Aramina.pdf,https://apm-fundeb-sp.vercel.app/relatorios-apm/035_Aramina.pdf
036,Arandu,036_Arandu.pdf,https://apm-fundeb-sp.vercel.app/relatorios-apm/036_Arandu.pdf
037,Arapeí,037_Arapeí.pdf,https://apm-fundeb-sp.vercel.app/relatorios-apm/037_Arape%C3%AD.pdf
038,Araraquara,038_Araraquara.pdf,https://apm-fundeb-sp.vercel.app/relatorios-apm/038_Araraquara.pdf
039,Araras,039_Araras.pdf,https://apm-fundeb-sp.vercel.app/relatorios-apm/039_Araras.pdf
040,Arco-Íris,040_Arco-Íris.pdf,https://apm-fundeb-sp.vercel.app/relatorios-apm/040_Arco-%C3%8Dris.pdf
041,Arealva,041_Arealva.pdf,https://apm-fundeb-sp.vercel.app/relatorios-apm/041_Arealva.pdf
042,Areias,042_Areias.pdf,https://apm-fundeb-sp.vercel.app/relatorios-apm/042_Areias.pdf
043,Areiópolis,043_Areiópolis.pdf,https://apm-fundeb-sp.vercel.app/relatorios-apm/043_Arei%C3%B3polis.pdf
044,Ariranha,044_Ariranha.pdf,https://apm-fundeb-sp.vercel.app/relatorios-apm/044_Ariranha.pdf
045,Artur Nogueira,045_Artur_Nogueira.pdf,https://apm-fundeb-sp.vercel.app/relatorios-apm/045_Artur_Nogueira.pdf
046,Arujá,046_Arujá.pdf,https://apm-fundeb-sp.vercel.app/relatorios-apm/046_Aruj%C3%A1.pdf
047,Aspásia,047_Aspásia.pdf,https://apm-fundeb-sp.vercel.app/relatorios-apm/047_Asp%C3%A1sia.pdf
048,Assis,048_Assis.pdf,https://apm-fundeb-sp.vercel.app/relatorios-apm/048_Assis.pdf
049,Atibaia,049_Atibaia.pdf,https://apm-fundeb-sp.vercel.app/relatorios-apm/049_Atibaia.pdf
050,Auriflama,050_Auriflama.pdf,https://apm-fundeb-sp.vercel.app/relatorios-apm/050_Auriflama.pdf
051,Avaí,051_Avaí.pdf,https://apm-fundeb-sp.vercel.app/relatorios-apm/051_Ava%C3%AD.pdf
052,Avanhandava,052_Avanhandava.pdf,https://apm-fundeb-sp.vercel.app/relatorios-apm/052_Avanhandava.pdf
053,Avaré,053_Avaré.pdf,https://apm-fundeb-sp.vercel.app/relatorios-apm/053_Avar%C3%A9.pdf
054,Bady Bassitt,054_Bady_Bassitt.pdf,https://apm-fundeb-sp.vercel.app/relatorios-apm/054_Bady_Bassitt.pdf
055,Balbinos,055_Balbinos.pdf,https://apm-fundeb-sp.vercel.app/relatorios-apm/055_Balbinos.pdf
056,Bálsamo,056_Bálsamo.pdf,https://apm-fundeb-sp.vercel.app/relatorios-apm/056_B%C3%A1lsamo.pdf
057,Bananal,057_Bananal.pdf,https://apm-fundeb-sp.vercel.app/relatorios-apm/057_Bananal.pdf
058,Barão de Antonina,058_Barão_de_Antonina.pdf,https://apm-fundeb-sp.vercel.app/relatorios-apm/058_Bar%C3%A3o_de_Antonina.pdf
059,Barbosa,059_Barbosa.pdf,https://apm-fundeb-sp.vercel.app/relatorios-apm/059_Barbosa.pdf
060,Bariri,060_Bariri.pdf,https://apm-fundeb-sp.vercel.app/relatorios-apm/060_Bariri.pdf
061,Barra Bonita,061_Barra_Bonita.pdf,https://apm-fundeb-sp.vercel.app/relatorios-apm/061_Barra_Bonita.pdf
062,Barra do Chapéu,062_Barra_do_Chapéu.pdf,https://apm-fundeb-sp.vercel.app/relatorios-apm/062_Barra_do_Chap%C3%A9u.pdf
063,Barra do Turvo,063_Barra_do_Turvo.pdf,https://apm-fundeb-sp.vercel.app/relatorios-apm/063_Barra_do_Turvo.pdf
064,Barretos,064_Barretos.pdf,https://apm-fundeb-sp.vercel.app/relatorios-apm/064_Barretos.pdf
065,Barrinha,065_Barrinha.pdf,https://apm-fundeb-sp.vercel.app/relatorios-apm/065_Barrinha.pdf
066,Barueri,066_Barueri.pdf,https://apm-fundeb-sp.vercel.app/relatorios-apm/066_Barueri.pdf
067,Bastos,067_Bastos.pdf,https://apm-fundeb-sp.vercel.app/relatorios-apm/067_Bastos.pdf
068,Batatais,068_Batatais.pdf,https://apm-fundeb-sp.vercel.app/relatorios-apm/068_Batatais.pdf
069,Bauru,069_Bauru.pdf,https://apm-fundeb-sp.vercel.app/relatorios-apm/069_Bauru.pdf
070,Bebedouro,070_Bebedouro.pdf,https://apm-fundeb-sp.vercel.app/relatorios-apm/070_Bebedouro.pdf
071,Bento de Abreu,071_Bento_de_Abreu.pdf,https://apm-fundeb-sp.vercel.app/relatorios-apm/071_Bento_de_Abreu.pdf
072,Bernardino de Campos,072_Bernardino_de_Campos.pdf,https://apm-fundeb-sp.vercel.app/relatorios-apm/072_Bernardino_de_Campos.pdf
073,Bertioga,073_Bertioga.pdf,https://apm-fundeb-sp.vercel.app/relatorios-apm/073_Bertioga.pdf
074,Bilac,074_Bilac.pdf,https://apm-fundeb-sp.vercel.app/relatorios-apm/074_Bilac.pdf
075,Birigui,075_Birigui.pdf,https://apm-fundeb-sp.vercel.app/relatorios-apm/075_Birigui.pdf
076,Biritiba Mirim,076_Biritiba_Mirim.pdf,https://apm-fundeb-sp.vercel.app/relatorios-apm/076_Biritiba_Mirim.pdf
077,Boa Esperança do Sul,077_Boa_Esperança_do_Sul.pdf,https://apm-fundeb-sp.vercel.app/relatorios-apm/077_Boa_Esperan%C3%A7a_do_Sul.pdf
078,Bocaina,078_Bocaina.pdf,https://apm-fundeb-sp.vercel.app/relatorios-apm/078_Bocaina.pdf
079,Bofete,079_Bofete.pdf,https://apm-fundeb-sp.vercel.app/relatorios-apm/079_Bofete.pdf
080,Boituva,080_Boituva.pdf,https://apm-fundeb-sp.vercel.app/relatorios-apm/080_Boituva.pdf
081,bom jesus dos perdoes,081_bom_jesus_dos_perdoes.pdf,https://apm-fundeb-sp.vercel.app/relatorios-apm/081_bom_jesus_dos_perdoes.pdf
082,Bom Sucesso de Itararé,082_Bom_Sucesso_de_Itararé.pdf,https://apm-fundeb-sp.vercel.app/relatorios-apm/082_Bom_Sucesso_de_Itarar%C3%A9.pdf
083,Borá,083_Borá.pdf,https://apm-fundeb-sp.vercel.app/relatorios-apm/083_Bor%C3%A1.pdf
084,Boracéia,084_Boracéia.pdf,https://apm-fundeb-sp.vercel.app/relatorios-apm/084_Borac%C3%A9ia.pdf
085,Borborema,085_Borborema.pdf,https://apm-fundeb-sp.vercel.app/relatorios-apm/085_Borborema.pdf
086,Borebi,086_Borebi.pdf,https://apm-fundeb-sp.vercel.app/relatorios-apm/086_Borebi.pdf
087,Botucatu,087_Botucatu.pdf,https://apm-fundeb-sp.vercel.app/relatorios-apm/087_Botucatu.pdf
088,Bragança Paulista,088_Bragança_Paulista.pdf,https://apm-fundeb-sp.vercel.app/relatorios-apm/088_Bragan%C3%A7a_Paulista.pdf
089,Braúna,089_Braúna.pdf,https://apm-fundeb-sp.vercel.app/relatorios-apm/089_Bra%C3%BAna.pdf
090,Brejo Alegre,090_Brejo_Alegre.pdf,https://apm-fundeb-sp.vercel.app/relatorios-apm/090_Brejo_Alegre.pdf
091,Brodowski,091_Brodowski.pdf,https://apm-fundeb-sp.vercel.app/relatorios-apm/091_Brodowski.pdf
092,Brotas,092_Brotas.pdf,https://apm-fundeb-sp.vercel.app/relatorios-apm/092_Brotas.pdf
093,Buri,093_Buri.pdf,https://apm-fundeb-sp.vercel.app/relatorios-apm/093_Buri.pdf
094,Buritama,094_Buritama.pdf,https://apm-fundeb-sp.vercel.app/relatorios-apm/094_Buritama.pdf
095,Buritizal,095_Buritizal.pdf,https://apm-fundeb-sp.vercel.app/relatorios-apm/095_Buritizal.pdf
096,Cabrália Paulista,096_Cabrália_Paulista.pdf,https://apm-fundeb-sp.vercel.app/relatorios-apm/096_Cabr%C3%A1lia_Paulista.pdf
097,Cabreúva,097_Cabreúva.pdf,https://apm-fundeb-sp.vercel.app/relatorios-apm/097_Cabre%C3%BAva.pdf
098,Caçapava,098_Caçapava.pdf,https://apm-fundeb-sp.vercel.app/relatorios-apm/098_Ca%C3%A7apava.pdf
099,Cachoeira Paulista,099_Cachoeira_Paulista.pdf,https://apm-fundeb-sp.vercel.app/relatorios-apm/099_Cachoeira_Paulista.pdf
100,Caconde,100_Caconde.pdf,https://apm-fundeb-sp.vercel.app/relatorios-apm/100_Caconde.pdf
101,Cafelândia,101_Cafelândia.pdf,https://apm-fundeb-sp.vercel.app/relatorios-apm/101_Cafel%C3%A2ndia.pdf
102,Caiabu,102_Caiabu.pdf,https://apm-fundeb-sp.vercel.app/relatorios-apm/102_Caiabu.pdf
103,Caieiras,103_Caieiras.pdf,https://apm-fundeb-sp.vercel.app/relatorios-apm/103_Caieiras.pdf
104,Caiuá,104_Caiuá.pdf,https://apm-fundeb-sp.vercel.app/relatorios-apm/104_Caiu%C3%A1.pdf
105,Cajamar,105_Cajamar.pdf,https://apm-fundeb-sp.vercel.app/relatorios-apm/105_Cajamar.pdf
106,Cajati,106_Cajati.pdf,https://apm-fundeb-sp.vercel.app/relatorios-apm/106_Cajati.pdf
107,Cajobi,107_Cajobi.pdf,https://apm-fundeb-sp.vercel.app/relatorios-apm/107_Cajobi.pdf
108,Cajuru,108_Cajuru.pdf,https://apm-fundeb-sp.vercel.app/relatorios-apm/108_Cajuru.pdf
109,Campina do Monte Alegre,109_Campina_do_Monte_Alegre.pdf,https://apm-fundeb-sp.vercel.app/relatorios-apm/109_Campina_do_Monte_Alegre.pdf
110,Campinas,110_Campinas.pdf,https://apm-fundeb-sp.vercel.app/relatorios-apm/110_Campinas.pdf
111,Campo Limpo Paulista,111_Campo_Limpo_Paulista.pdf,https://apm-fundeb-sp.vercel.app/relatorios-apm/111_Campo_Limpo_Paulista.pdf
112,Campos do Jordão,112_Campos_do_Jordão.pdf,https://apm-fundeb-sp.vercel.app/relatorios-apm/112_Campos_do_Jord%C3%A3o.pdf
113,Campos Novos Paulista,113_Campos_Novos_Paulista.pdf,https://apm-fundeb-sp.vercel.app/relatorios-apm/113_Campos_Novos_Paulista.pdf
114,Cananéia,114_Cananéia.pdf,https://apm-fundeb-sp.vercel.app/relatorios-apm/114_Canan%C3%A9ia.pdf
115,Canas,115_Canas.pdf,https://apm-fundeb-sp.vercel.app/relatorios-apm/115_Canas.pdf
116,Cândido Mota,116_Cândido_Mota.pdf,https://apm-fundeb-sp.vercel.app/relatorios-apm/116_C%C3%A2ndido_Mota.pdf
117,Cândido Rodrigues,117_Cândido_Rodrigues.pdf,https://apm-fundeb-sp.vercel.app/relatorios-apm/117_C%C3%A2ndido_Rodrigues.pdf
118,Canitar,118_Canitar.pdf,https://apm-fundeb-sp.vercel.app/relatorios-apm/118_Canitar.pdf
119,Capão Bonito,119_Capão_Bonito.pdf,https://apm-fundeb-sp.vercel.app/relatorios-apm/119_Cap%C3%A3o_Bonito.pdf
120,Capela do Alto,120_Capela_do_Alto.pdf,https://apm-fundeb-sp.vercel.app/relatorios-apm/120_Capela_do_Alto.pdf
121,Capivari,121_Capivari.pdf,https://apm-fundeb-sp.vercel.app/relatorios-apm/121_Capivari.pdf
122,Caraguatatuba,122_Caraguatatuba.pdf,https://apm-fundeb-sp.vercel.app/relatorios-apm/122_Caraguatatuba.pdf
123,Carapicuíba,123_Carapicuíba.pdf,https://apm-fundeb-sp.vercel.app/relatorios-apm/123_Carapicu%C3%ADba.pdf
124,Cardoso,124_Cardoso.pdf,https://apm-fundeb-sp.vercel.app/relatorios-apm/124_Cardoso.pdf
125,Casa Branca,125_Casa_Branca.pdf,https://apm-fundeb-sp.vercel.app/relatorios-apm/125_Casa_Branca.pdf
126,Cássia dos Coqueiros,126_Cássia_dos_Coqueiros.pdf,https://apm-fundeb-sp.vercel.app/relatorios-apm/126_C%C3%A1ssia_dos_Coqueiros.pdf
127,Castilho,127_Castilho.pdf,https://apm-fundeb-sp.vercel.app/relatorios-apm/127_Castilho.pdf
128,Catanduva,128_Catanduva.pdf,https://apm-fundeb-sp.vercel.app/relatorios-apm/128_Catanduva.pdf
129,Catiguá,129_Catiguá.pdf,https://apm-fundeb-sp.vercel.app/relatorios-apm/129_Catigu%C3%A1.pdf
130,Cedral,130_Cedral.pdf,https://apm-fundeb-sp.vercel.app/relatorios-apm/130_Cedral.pdf
131,Cerqueira César,131_Cerqueira_César.pdf,https://apm-fundeb-sp.vercel.app/relatorios-apm/131_Cerqueira_C%C3%A9sar.pdf
132,Cerquilho,132_Cerquilho.pdf,https://apm-fundeb-sp.vercel.app/relatorios-apm/132_Cerquilho.pdf
133,Cesário Lange,133_Cesário_Lange.pdf,https://apm-fundeb-sp.vercel.app/relatorios-apm/133_Ces%C3%A1rio_Lange.pdf
134,Charqueada,134_Charqueada.pdf,https://apm-fundeb-sp.vercel.app/relatorios-apm/134_Charqueada.pdf
135,Chavantes,135_Chavantes.pdf,https://apm-fundeb-sp.vercel.app/relatorios-apm/135_Chavantes.pdf
136,Clementina,136_Clementina.pdf,https://apm-fundeb-sp.vercel.app/relatorios-apm/136_Clementina.pdf
137,Colina,137_Colina.pdf,https://apm-fundeb-sp.vercel.app/relatorios-apm/137_Colina.pdf
138,Colômbia,138_Colômbia.pdf,https://apm-fundeb-sp.vercel.app/relatorios-apm/138_Col%C3%B4mbia.pdf
139,Conchal,139_Conchal.pdf,https://apm-fundeb-sp.vercel.app/relatorios-apm/139_Conchal.pdf
140,Conchas,140_Conchas.pdf,https://apm-fundeb-sp.vercel.app/relatorios-apm/140_Conchas.pdf
141,Cordeirópolis,141_Cordeirópolis.pdf,https://apm-fundeb-sp.vercel.app/relatorios-apm/141_Cordeir%C3%B3polis.pdf
142,Coroados,142_Coroados.pdf,https://apm-fundeb-sp.vercel.app/relatorios-apm/142_Coroados.pdf
143,Coronel Macedo,143_Coronel_Macedo.pdf,https://apm-fundeb-sp.vercel.app/relatorios-apm/143_Coronel_Macedo.pdf
144,Corumbataí,144_Corumbataí.pdf,https://apm-fundeb-sp.vercel.app/relatorios-apm/144_Corumbata%C3%AD.pdf
145,Cosmópolis,145_Cosmópolis.pdf,https://apm-fundeb-sp.vercel.app/relatorios-apm/145_Cosm%C3%B3polis.pdf
146,Cosmorama,146_Cosmorama.pdf,https://apm-fundeb-sp.vercel.app/relatorios-apm/146_Cosmorama.pdf
147,Cotia,147_Cotia.pdf,https://apm-fundeb-sp.vercel.app/relatorios-apm/147_Cotia.pdf
148,Cravinhos,148_Cravinhos.pdf,https://apm-fundeb-sp.vercel.app/relatorios-apm/148_Cravinhos.pdf
149,Cristais Paulista,149_Cristais_Paulista.pdf,https://apm-fundeb-sp.vercel.app/relatorios-apm/149_Cristais_Paulista.pdf
150,Cruzália,150_Cruzália.pdf,https://apm-fundeb-sp.vercel.app/relatorios-apm/150_Cruz%C3%A1lia.pdf
151,Cruzeiro,151_Cruzeiro.pdf,https://apm-fundeb-sp.vercel.app/relatorios-apm/151_Cruzeiro.pdf
152,Cubatão,152_Cubatão.pdf,https://apm-fundeb-sp.vercel.app/relatorios-apm/152_Cubat%C3%A3o.pdf
153,Cunha,153_Cunha.pdf,https://apm-fundeb-sp.vercel.app/relatorios-apm/153_Cunha.pdf
154,Descalvado,154_Descalvado.pdf,https://apm-fundeb-sp.vercel.app/relatorios-apm/154_Descalvado.pdf
155,Diadema,155_Diadema.pdf,https://apm-fundeb-sp.vercel.app/relatorios-apm/155_Diadema.pdf
156,Dirce Reis,156_Dirce_Reis.pdf,https://apm-fundeb-sp.vercel.app/relatorios-apm/156_Dirce_Reis.pdf
157,Divinolândia,157_Divinolândia.pdf,https://apm-fundeb-sp.vercel.app/relatorios-apm/157_Divinol%C3%A2ndia.pdf
158,Dobrada,158_Dobrada.pdf,https://apm-fundeb-sp.vercel.app/relatorios-apm/158_Dobrada.pdf
159,Dois Córregos,159_Dois_Córregos.pdf,https://apm-fundeb-sp.vercel.app/relatorios-apm/159_Dois_C%C3%B3rregos.pdf
160,Dolcinópolis,160_Dolcinópolis.pdf,https://apm-fundeb-sp.vercel.app/relatorios-apm/160_Dolcin%C3%B3polis.pdf
161,Dourado,161_Dourado.pdf,https://apm-fundeb-sp.vercel.app/relatorios-apm/161_Dourado.pdf
162,Dracena,162_Dracena.pdf,https://apm-fundeb-sp.vercel.app/relatorios-apm/162_Dracena.pdf
163,Duartina,163_Duartina.pdf,https://apm-fundeb-sp.vercel.app/relatorios-apm/163_Duartina.pdf
164,Dumont,164_Dumont.pdf,https://apm-fundeb-sp.vercel.app/relatorios-apm/164_Dumont.pdf
165,Echaporã,165_Echaporã.pdf,https://apm-fundeb-sp.vercel.app/relatorios-apm/165_Echapor%C3%A3.pdf
166,Eldorado,166_Eldorado.pdf,https://apm-fundeb-sp.vercel.app/relatorios-apm/166_Eldorado.pdf
167,Elias Fausto,167_Elias_Fausto.pdf,https://apm-fundeb-sp.vercel.app/relatorios-apm/167_Elias_Fausto.pdf
168,Elisiário,168_Elisiário.pdf,https://apm-fundeb-sp.vercel.app/relatorios-apm/168_Elisi%C3%A1rio.pdf
169,Embaúba,169_Embaúba.pdf,https://apm-fundeb-sp.vercel.app/relatorios-apm/169_Emba%C3%BAba.pdf
170,Embu,170_Embu.pdf,https://apm-fundeb-sp.vercel.app/relatorios-apm/170_Embu.pdf
171,Embu-Guaçu,171_Embu-Guaçu.pdf,https://apm-fundeb-sp.vercel.app/relatorios-apm/171_Embu-Gua%C3%A7u.pdf
172,Emilianópolis,172_Emilianópolis.pdf,https://apm-fundeb-sp.vercel.app/relatorios-apm/172_Emilian%C3%B3polis.pdf
173,Engenheiro Coelho,173_Engenheiro_Coelho.pdf,https://apm-fundeb-sp.vercel.app/relatorios-apm/173_Engenheiro_Coelho.pdf
174,Espírito Santo do Pinhal,174_Espírito_Santo_do_Pinhal.pdf,https://apm-fundeb-sp.vercel.app/relatorios-apm/174_Esp%C3%ADrito_Santo_do_Pinhal.pdf
175,Espírito Santo do Turvo,175_Espírito_Santo_do_Turvo.pdf,https://apm-fundeb-sp.vercel.app/relatorios-apm/175_Esp%C3%ADrito_Santo_do_Turvo.pdf
176,Estiva Gerbi,176_Estiva_Gerbi.pdf,https://apm-fundeb-sp.vercel.app/relatorios-apm/176_Estiva_Gerbi.pdf
177,Estrela do Norte,177_Estrela_do_Norte.pdf,https://apm-fundeb-sp.vercel.app/relatorios-apm/177_Estrela_do_Norte.pdf
178,Estrela DOeste,178_Estrela_DOeste.pdf,https://apm-fundeb-sp.vercel.app/relatorios-apm/178_Estrela_DOeste.pdf
179,Euclides da Cunha Paulista,179_Euclides_da_Cunha_Paulista.pdf,https://apm-fundeb-sp.vercel.app/relatorios-apm/179_Euclides_da_Cunha_Paulista.pdf
180,Fartura,180_Fartura.pdf,https://apm-fundeb-sp.vercel.app/relatorios-apm/180_Fartura.pdf
181,Fernando Prestes,181_Fernando_Prestes.pdf,https://apm-fundeb-sp.vercel.app/relatorios-apm/181_Fernando_Prestes.pdf
182,Fernandópolis,182_Fernandópolis.pdf,https://apm-fundeb-sp.vercel.app/relatorios-apm/182_Fernand%C3%B3polis.pdf
183,Fernão,183_Fernão.pdf,https://apm-fundeb-sp.vercel.app/relatorios-apm/183_Fern%C3%A3o.pdf
184,Ferraz de Vasconcelos,184_Ferraz_de_Vasconcelos.pdf,https://apm-fundeb-sp.vercel.app/relatorios-apm/184_Ferraz_de_Vasconcelos.pdf
185,Flora Rica,185_Flora_Rica.pdf,https://apm-fundeb-sp.vercel.app/relatorios-apm/185_Flora_Rica.pdf
186,Floreal,186_Floreal.pdf,https://apm-fundeb-sp.vercel.app/relatorios-apm/186_Floreal.pdf
187,Flórida Paulista,187_Flórida_Paulista.pdf,https://apm-fundeb-sp.vercel.app/relatorios-apm/187_Fl%C3%B3rida_Paulista.pdf
188,Florínea,188_Florínea.pdf,https://apm-fundeb-sp.vercel.app/relatorios-apm/188_Flor%C3%ADnea.pdf
189,Franca,189_Franca.pdf,https://apm-fundeb-sp.vercel.app/relatorios-apm/189_Franca.pdf
190,Francisco Morato,190_Francisco_Morato.pdf,https://apm-fundeb-sp.vercel.app/relatorios-apm/190_Francisco_Morato.pdf
191,Franco da Rocha,191_Franco_da_Rocha.pdf,https://apm-fundeb-sp.vercel.app/relatorios-apm/191_Franco_da_Rocha.pdf
192,Gabriel Monteiro,192_Gabriel_Monteiro.pdf,https://apm-fundeb-sp.vercel.app/relatorios-apm/192_Gabriel_Monteiro.pdf
193,Gália,193_Gália.pdf,https://apm-fundeb-sp.vercel.app/relatorios-apm/193_G%C3%A1lia.pdf
194,Garça,194_Garça.pdf,https://apm-fundeb-sp.vercel.app/relatorios-apm/194_Gar%C3%A7a.pdf
195,Gastão Vidigal,195_Gastão_Vidigal.pdf,https://apm-fundeb-sp.vercel.app/relatorios-apm/195_Gast%C3%A3o_Vidigal.pdf
196,Gavião Peixoto,196_Gavião_Peixoto.pdf,https://apm-fundeb-sp.vercel.app/relatorios-apm/196_Gavi%C3%A3o_Peixoto.pdf
197,General Salgado,197_General_Salgado.pdf,https://apm-fundeb-sp.vercel.app/relatorios-apm/197_General_Salgado.pdf
198,Getulina,198_Getulina.pdf,https://apm-fundeb-sp.vercel.app/relatorios-apm/198_Getulina.pdf
199,Glicério,199_Glicério.pdf,https://apm-fundeb-sp.vercel.app/relatorios-apm/199_Glic%C3%A9rio.pdf
200,Guaiçara,200_Guaiçara.pdf,https://apm-fundeb-sp.vercel.app/relatorios-apm/200_Guai%C3%A7ara.pdf
201,Guaimbê,201_Guaimbê.pdf,https://apm-fundeb-sp.vercel.app/relatorios-apm/201_Guaimb%C3%AA.pdf
202,Guaíra,202_Guaíra.pdf,https://apm-fundeb-sp.vercel.app/relatorios-apm/202_Gua%C3%ADra.pdf
203,Guapiaçu,203_Guapiaçu.pdf,https://apm-fundeb-sp.vercel.app/relatorios-apm/203_Guapia%C3%A7u.pdf
204,Guapiara,204_Guapiara.pdf,https://apm-fundeb-sp.vercel.app/relatorios-apm/204_Guapiara.pdf
205,Guará,205_Guará.pdf,https://apm-fundeb-sp.vercel.app/relatorios-apm/205_Guar%C3%A1.pdf
206,Guaraçaí,206_Guaraçaí.pdf,https://apm-fundeb-sp.vercel.app/relatorios-apm/206_Guara%C3%A7a%C3%AD.pdf
207,Guaraci,207_Guaraci.pdf,https://apm-fundeb-sp.vercel.app/relatorios-apm/207_Guaraci.pdf
208,Guarani DOeste,208_Guarani_DOeste.pdf,https://apm-fundeb-sp.vercel.app/relatorios-apm/208_Guarani_DOeste.pdf
209,Guarantã,209_Guarantã.pdf,https://apm-fundeb-sp.vercel.app/relatorios-apm/209_Guarant%C3%A3.pdf
210,Guararapes,210_Guararapes.pdf,https://apm-fundeb-sp.vercel.app/relatorios-apm/210_Guararapes.pdf
211,Guararema,211_Guararema.pdf,https://apm-fundeb-sp.vercel.app/relatorios-apm/211_Guararema.pdf
212,Guaratinguetá,212_Guaratinguetá.pdf,https://apm-fundeb-sp.vercel.app/relatorios-apm/212_Guaratinguet%C3%A1.pdf
213,Guareí,213_Guareí.pdf,https://apm-fundeb-sp.vercel.app/relatorios-apm/213_Guare%C3%AD.pdf
214,Guariba,214_Guariba.pdf,https://apm-fundeb-sp.vercel.app/relatorios-apm/214_Guariba.pdf
215,Guarujá,215_Guarujá.pdf,https://apm-fundeb-sp.vercel.app/relatorios-apm/215_Guaruj%C3%A1.pdf
216,Guarulhos,216_Guarulhos.pdf,https://apm-fundeb-sp.vercel.app/relatorios-apm/216_Guarulhos.pdf
217,Guatapará,217_Guatapará.pdf,https://apm-fundeb-sp.vercel.app/relatorios-apm/217_Guatapar%C3%A1.pdf
218,Guzolândia,218_Guzolândia.pdf,https://apm-fundeb-sp.vercel.app/relatorios-apm/218_Guzol%C3%A2ndia.pdf
219,Herculândia,219_Herculândia.pdf,https://apm-fundeb-sp.vercel.app/relatorios-apm/219_Hercul%C3%A2ndia.pdf
220,Holambra,220_Holambra.pdf,https://apm-fundeb-sp.vercel.app/relatorios-apm/220_Holambra.pdf
221,Hortolândia,221_Hortolândia.pdf,https://apm-fundeb-sp.vercel.app/relatorios-apm/221_Hortol%C3%A2ndia.pdf
222,Iacanga,222_Iacanga.pdf,https://apm-fundeb-sp.vercel.app/relatorios-apm/222_Iacanga.pdf
223,Iacri,223_Iacri.pdf,https://apm-fundeb-sp.vercel.app/relatorios-apm/223_Iacri.pdf
224,Iaras,224_Iaras.pdf,https://apm-fundeb-sp.vercel.app/relatorios-apm/224_Iaras.pdf
225,Ibaté,225_Ibaté.pdf,https://apm-fundeb-sp.vercel.app/relatorios-apm/225_Ibat%C3%A9.pdf
226,Ibirá,226_Ibirá.pdf,https://apm-fundeb-sp.vercel.app/relatorios-apm/226_Ibir%C3%A1.pdf
227,Ibitinga,227_Ibitinga.pdf,https://apm-fundeb-sp.vercel.app/relatorios-apm/227_Ibitinga.pdf
228,Ibiúna,228_Ibiúna.pdf,https://apm-fundeb-sp.vercel.app/relatorios-apm/228_Ibi%C3%BAna.pdf
229,Icém,229_Icém.pdf,https://apm-fundeb-sp.vercel.app/relatorios-apm/229_Ic%C3%A9m.pdf
230,Iepê,230_Iepê.pdf,https://apm-fundeb-sp.vercel.app/relatorios-apm/230_Iep%C3%AA.pdf
231,Igaraçu do Tietê,231_Igaraçu_do_Tietê.pdf,https://apm-fundeb-sp.vercel.app/relatorios-apm/231_Igara%C3%A7u_do_Tiet%C3%AA.pdf
232,Igarapava,232_Igarapava.pdf,https://apm-fundeb-sp.vercel.app/relatorios-apm/232_Igarapava.pdf
233,Igaratá,233_Igaratá.pdf,https://apm-fundeb-sp.vercel.app/relatorios-apm/233_Igarat%C3%A1.pdf
234,Iguape,234_Iguape.pdf,https://apm-fundeb-sp.vercel.app/relatorios-apm/234_Iguape.pdf
235,Ilha Comprida,235_Ilha_Comprida.pdf,https://apm-fundeb-sp.vercel.app/relatorios-apm/235_Ilha_Comprida.pdf
236,Ilha Solteira,236_Ilha_Solteira.pdf,https://apm-fundeb-sp.vercel.app/relatorios-apm/236_Ilha_Solteira.pdf
237,Ilhabela,237_Ilhabela.pdf,https://apm-fundeb-sp.vercel.app/relatorios-apm/237_Ilhabela.pdf
238,Indaiatuba,238_Indaiatuba.pdf,https://apm-fundeb-sp.vercel.app/relatorios-apm/238_Indaiatuba.pdf
239,Indiana,239_Indiana.pdf,https://apm-fundeb-sp.vercel.app/relatorios-apm/239_Indiana.pdf
240,Indiaporã,240_Indiaporã.pdf,https://apm-fundeb-sp.vercel.app/relatorios-apm/240_Indiapor%C3%A3.pdf
241,Inúbia Paulista,241_Inúbia_Paulista.pdf,https://apm-fundeb-sp.vercel.app/relatorios-apm/241_In%C3%BAbia_Paulista.pdf
242,Ipaussu,242_Ipaussu.pdf,https://apm-fundeb-sp.vercel.app/relatorios-apm/242_Ipaussu.pdf
243,Iperó,243_Iperó.pdf,https://apm-fundeb-sp.vercel.app/relatorios-apm/243_Iper%C3%B3.pdf
244,Ipeúna,244_Ipeúna.pdf,https://apm-fundeb-sp.vercel.app/relatorios-apm/244_Ipe%C3%BAna.pdf
245,Ipiguá,245_Ipiguá.pdf,https://apm-fundeb-sp.vercel.app/relatorios-apm/245_Ipigu%C3%A1.pdf
246,Iporanga,246_Iporanga.pdf,https://apm-fundeb-sp.vercel.app/relatorios-apm/246_Iporanga.pdf
247,Ipuã,247_Ipuã.pdf,https://apm-fundeb-sp.vercel.app/relatorios-apm/247_Ipu%C3%A3.pdf
248,Iracemápolis,248_Iracemápolis.pdf,https://apm-fundeb-sp.vercel.app/relatorios-apm/248_Iracem%C3%A1polis.pdf
249,Irapuã,249_Irapuã.pdf,https://apm-fundeb-sp.vercel.app/relatorios-apm/249_Irapu%C3%A3.pdf
250,Irapuru,250_Irapuru.pdf,https://apm-fundeb-sp.vercel.app/relatorios-apm/250_Irapuru.pdf
251,Itaberá,251_Itaberá.pdf,https://apm-fundeb-sp.vercel.app/relatorios-apm/251_Itaber%C3%A1.pdf
252,Itaí,252_Itaí.pdf,https://apm-fundeb-sp.vercel.app/relatorios-apm/252_Ita%C3%AD.pdf
253,Itajobi,253_Itajobi.pdf,https://apm-fundeb-sp.vercel.app/relatorios-apm/253_Itajobi.pdf
254,Itaju,254_Itaju.pdf,https://apm-fundeb-sp.vercel.app/relatorios-apm/254_Itaju.pdf
255,Itanhaém,255_Itanhaém.pdf,https://apm-fundeb-sp.vercel.app/relatorios-apm/255_Itanha%C3%A9m.pdf
256,Itaóca,256_Itaóca.pdf,https://apm-fundeb-sp.vercel.app/relatorios-apm/256_Ita%C3%B3ca.pdf
257,Itapecerica da Serra,257_Itapecerica_da_Serra.pdf,https://apm-fundeb-sp.vercel.app/relatorios-apm/257_Itapecerica_da_Serra.pdf
258,Itapetininga,258_Itapetininga.pdf,https://apm-fundeb-sp.vercel.app/relatorios-apm/258_Itapetininga.pdf
259,Itapeva,259_Itapeva.pdf,https://apm-fundeb-sp.vercel.app/relatorios-apm/259_Itapeva.pdf
260,Itapevi,260_Itapevi.pdf,https://apm-fundeb-sp.vercel.app/relatorios-apm/260_Itapevi.pdf
261,Itapira,261_Itapira.pdf,https://apm-fundeb-sp.vercel.app/relatorios-apm/261_Itapira.pdf
262,Itapirapuã Paulista,262_Itapirapuã_Paulista.pdf,https://apm-fundeb-sp.vercel.app/relatorios-apm/262_Itapirapu%C3%A3_Paulista.pdf
263,Itápolis,263_Itápolis.pdf,https://apm-fundeb-sp.vercel.app/relatorios-apm/263_It%C3%A1polis.pdf
264,Itaporanga,264_Itaporanga.pdf,https://apm-fundeb-sp.vercel.app/relatorios-apm/264_Itaporanga.pdf
265,Itapuí,265_Itapuí.pdf,https://apm-fundeb-sp.vercel.app/relatorios-apm/265_Itapu%C3%AD.pdf
266,Itapura,266_Itapura.pdf,https://apm-fundeb-sp.vercel.app/relatorios-apm/266_Itapura.pdf
267,Itaquaquecetuba,267_Itaquaquecetuba.pdf,https://apm-fundeb-sp.vercel.app/relatorios-apm/267_Itaquaquecetuba.pdf
268,Itararé,268_Itararé.pdf,https://apm-fundeb-sp.vercel.app/relatorios-apm/268_Itarar%C3%A9.pdf
269,Itariri,269_Itariri.pdf,https://apm-fundeb-sp.vercel.app/relatorios-apm/269_Itariri.pdf
270,Itatiba,270_Itatiba.pdf,https://apm-fundeb-sp.vercel.app/relatorios-apm/270_Itatiba.pdf
271,Itatinga,271_Itatinga.pdf,https://apm-fundeb-sp.vercel.app/relatorios-apm/271_Itatinga.pdf
272,Itirapina,272_Itirapina.pdf,https://apm-fundeb-sp.vercel.app/relatorios-apm/272_Itirapina.pdf
273,Itirapuã,273_Itirapuã.pdf,https://apm-fundeb-sp.vercel.app/relatorios-apm/273_Itirapu%C3%A3.pdf
274,Itobi,274_Itobi.pdf,https://apm-fundeb-sp.vercel.app/relatorios-apm/274_Itobi.pdf
275,Itu,275_Itu.pdf,https://apm-fundeb-sp.vercel.app/relatorios-apm/275_Itu.pdf
276,Itupeva,276_Itupeva.pdf,https://apm-fundeb-sp.vercel.app/relatorios-apm/276_Itupeva.pdf
277,Ituverava,277_Ituverava.pdf,https://apm-fundeb-sp.vercel.app/relatorios-apm/277_Ituverava.pdf
278,Jaborandi,278_Jaborandi.pdf,https://apm-fundeb-sp.vercel.app/relatorios-apm/278_Jaborandi.pdf
279,Jaboticabal,279_Jaboticabal.pdf,https://apm-fundeb-sp.vercel.app/relatorios-apm/279_Jaboticabal.pdf
280,Jacareí,280_Jacareí.pdf,https://apm-fundeb-sp.vercel.app/relatorios-apm/280_Jacare%C3%AD.pdf
281,Jaci,281_Jaci.pdf,https://apm-fundeb-sp.vercel.app/relatorios-apm/281_Jaci.pdf
282,Jacupiranga,282_Jacupiranga.pdf,https://apm-fundeb-sp.vercel.app/relatorios-apm/282_Jacupiranga.pdf
283,Jaguariúna,283_Jaguariúna.pdf,https://apm-fundeb-sp.vercel.app/relatorios-apm/283_Jaguari%C3%BAna.pdf
284,Jales,284_Jales.pdf,https://apm-fundeb-sp.vercel.app/relatorios-apm/284_Jales.pdf
285,Jambeiro,285_Jambeiro.pdf,https://apm-fundeb-sp.vercel.app/relatorios-apm/285_Jambeiro.pdf
286,Jandira,286_Jandira.pdf,https://apm-fundeb-sp.vercel.app/relatorios-apm/286_Jandira.pdf
287,Jardinópolis,287_Jardinópolis.pdf,https://apm-fundeb-sp.vercel.app/relatorios-apm/287_Jardin%C3%B3polis.pdf
288,Jarinu,288_Jarinu.pdf,https://apm-fundeb-sp.vercel.app/relatorios-apm/288_Jarinu.pdf
289,Jaú,289_Jaú.pdf,https://apm-fundeb-sp.vercel.app/relatorios-apm/289_Ja%C3%BA.pdf
290,Jeriquara,290_Jeriquara.pdf,https://apm-fundeb-sp.vercel.app/relatorios-apm/290_Jeriquara.pdf
291,Joanópolis,291_Joanópolis.pdf,https://apm-fundeb-sp.vercel.app/relatorios-apm/291_Joan%C3%B3polis.pdf
292,João Ramalho,292_João_Ramalho.pdf,https://apm-fundeb-sp.vercel.app/relatorios-apm/292_Jo%C3%A3o_Ramalho.pdf
293,José Bonifácio,293_José_Bonifácio.pdf,https://apm-fundeb-sp.vercel.app/relatorios-apm/293_Jos%C3%A9_Bonif%C3%A1cio.pdf
294,Júlio Mesquita,294_Júlio_Mesquita.pdf,https://apm-fundeb-sp.vercel.app/relatorios-apm/294_J%C3%BAlio_Mesquita.pdf
295,Jumirim,295_Jumirim.pdf,https://apm-fundeb-sp.vercel.app/relatorios-apm/295_Jumirim.pdf
296,Jundiaí,296_Jundiaí.pdf,https://apm-fundeb-sp.vercel.app/relatorios-apm/296_Jundia%C3%AD.pdf
297,Junqueirópolis,297_Junqueirópolis.pdf,https://apm-fundeb-sp.vercel.app/relatorios-apm/297_Junqueir%C3%B3polis.pdf
298,Juquiá,298_Juquiá.pdf,https://apm-fundeb-sp.vercel.app/relatorios-apm/298_Juqui%C3%A1.pdf
299,Juquitiba,299_Juquitiba.pdf,https://apm-fundeb-sp.vercel.app/relatorios-apm/299_Juquitiba.pdf
300,Lagoinha,300_Lagoinha.pdf,https://apm-fundeb-sp.vercel.app/relatorios-apm/300_Lagoinha.pdf
301,Laranjal Paulista,301_Laranjal_Paulista.pdf,https://apm-fundeb-sp.vercel.app/relatorios-apm/301_Laranjal_Paulista.pdf
302,Lavínia,302_Lavínia.pdf,https://apm-fundeb-sp.vercel.app/relatorios-apm/302_Lav%C3%ADnia.pdf
303,Lavrinhas,303_Lavrinhas.pdf,https://apm-fundeb-sp.vercel.app/relatorios-apm/303_Lavrinhas.pdf
304,Leme,304_Leme.pdf,https://apm-fundeb-sp.vercel.app/relatorios-apm/304_Leme.pdf
305,Lençóis Paulista,305_Lençóis_Paulista.pdf,https://apm-fundeb-sp.vercel.app/relatorios-apm/305_Len%C3%A7%C3%B3is_Paulista.pdf
306,Limeira,306_Limeira.pdf,https://apm-fundeb-sp.vercel.app/relatorios-apm/306_Limeira.pdf
307,Lindóia,307_Lindóia.pdf,https://apm-fundeb-sp.vercel.app/relatorios-apm/307_Lind%C3%B3ia.pdf
308,Lins,308_Lins.pdf,https://apm-fundeb-sp.vercel.app/relatorios-apm/308_Lins.pdf
309,Lorena,309_Lorena.pdf,https://apm-fundeb-sp.vercel.app/relatorios-apm/309_Lorena.pdf
310,Lourdes,310_Lourdes.pdf,https://apm-fundeb-sp.vercel.app/relatorios-apm/310_Lourdes.pdf
311,Louveira,311_Louveira.pdf,https://apm-fundeb-sp.vercel.app/relatorios-apm/311_Louveira.pdf
312,Lucélia,312_Lucélia.pdf,https://apm-fundeb-sp.vercel.app/relatorios-apm/312_Luc%C3%A9lia.pdf
313,Lucianópolis,313_Lucianópolis.pdf,https://apm-fundeb-sp.vercel.app/relatorios-apm/313_Lucian%C3%B3polis.pdf
314,Luís Antônio,314_Luís_Antônio.pdf,https://apm-fundeb-sp.vercel.app/relatorios-apm/314_Lu%C3%ADs_Ant%C3%B4nio.pdf
315,Luiziânia,315_Luiziânia.pdf,https://apm-fundeb-sp.vercel.app/relatorios-apm/315_Luizi%C3%A2nia.pdf
316,Lupércio,316_Lupércio.pdf,https://apm-fundeb-sp.vercel.app/relatorios-apm/316_Lup%C3%A9rcio.pdf
317,Lutécia,317_Lutécia.pdf,https://apm-fundeb-sp.vercel.app/relatorios-apm/317_Lut%C3%A9cia.pdf
318,Macatuba,318_Macatuba.pdf,https://apm-fundeb-sp.vercel.app/relatorios-apm/318_Macatuba.pdf
319,Macaubal,319_Macaubal.pdf,https://apm-fundeb-sp.vercel.app/relatorios-apm/319_Macaubal.pdf
320,Macedônia,320_Macedônia.pdf,https://apm-fundeb-sp.vercel.app/relatorios-apm/320_Maced%C3%B4nia.pdf
321,Magda,321_Magda.pdf,https://apm-fundeb-sp.vercel.app/relatorios-apm/321_Magda.pdf
322,Mairinque,322_Mairinque.pdf,https://apm-fundeb-sp.vercel.app/relatorios-apm/322_Mairinque.pdf
323,Mairiporã,323_Mairiporã.pdf,https://apm-fundeb-sp.vercel.app/relatorios-apm/323_Mairipor%C3%A3.pdf
324,Manduri,324_Manduri.pdf,https://apm-fundeb-sp.vercel.app/relatorios-apm/324_Manduri.pdf
325,Maraba Paulista,325_Maraba_Paulista.pdf,https://apm-fundeb-sp.vercel.app/relatorios-apm/325_Maraba_Paulista.pdf
326,Maracaí,326_Maracaí.pdf,https://apm-fundeb-sp.vercel.app/relatorios-apm/326_Maraca%C3%AD.pdf
327,Marapoama,327_Marapoama.pdf,https://apm-fundeb-sp.vercel.app/relatorios-apm/327_Marapoama.pdf
328,Mariápolis,328_Mariápolis.pdf,https://apm-fundeb-sp.vercel.app/relatorios-apm/328_Mari%C3%A1polis.pdf
329,Marília,329_Marília.pdf,https://apm-fundeb-sp.vercel.app/relatorios-apm/329_Mar%C3%ADlia.pdf
330,Marinópolis,330_Marinópolis.pdf,https://apm-fundeb-sp.vercel.app/relatorios-apm/330_Marin%C3%B3polis.pdf
331,Martinópolis,331_Martinópolis.pdf,https://apm-fundeb-sp.vercel.app/relatorios-apm/331_Martin%C3%B3polis.pdf
332,Matão,332_Matão.pdf,https://apm-fundeb-sp.vercel.app/relatorios-apm/332_Mat%C3%A3o.pdf
333,Mauá,333_Mauá.pdf,https://apm-fundeb-sp.vercel.app/relatorios-apm/333_Mau%C3%A1.pdf
334,Mendonça,334_Mendonça.pdf,https://apm-fundeb-sp.vercel.app/relatorios-apm/334_Mendon%C3%A7a.pdf
335,Meridiano,335_Meridiano.pdf,https://apm-fundeb-sp.vercel.app/relatorios-apm/335_Meridiano.pdf
336,Mesópolis,336_Mesópolis.pdf,https://apm-fundeb-sp.vercel.app/relatorios-apm/336_Mes%C3%B3polis.pdf
337,Miguelópolis,337_Miguelópolis.pdf,https://apm-fundeb-sp.vercel.app/relatorios-apm/337_Miguel%C3%B3polis.pdf
338,Mineiros do Tietê,338_Mineiros_do_Tietê.pdf,https://apm-fundeb-sp.vercel.app/relatorios-apm/338_Mineiros_do_Tiet%C3%AA.pdf
339,Mira Estrela,339_Mira_Estrela.pdf,https://apm-fundeb-sp.vercel.app/relatorios-apm/339_Mira_Estrela.pdf
340,Miracatu,340_Miracatu.pdf,https://apm-fundeb-sp.vercel.app/relatorios-apm/340_Miracatu.pdf
341,Mirandópolis,341_Mirandópolis.pdf,https://apm-fundeb-sp.vercel.app/relatorios-apm/341_Mirand%C3%B3polis.pdf
342,Mirante do Paranapanema,342_Mirante_do_Paranapanema.pdf,https://apm-fundeb-sp.vercel.app/relatorios-apm/342_Mirante_do_Paranapanema.pdf
343,Mirassol,343_Mirassol.pdf,https://apm-fundeb-sp.vercel.app/relatorios-apm/343_Mirassol.pdf
344,Mirassolândia,344_Mirassolândia.pdf,https://apm-fundeb-sp.vercel.app/relatorios-apm/344_Mirassol%C3%A2ndia.pdf
345,Mococa,345_Mococa.pdf,https://apm-fundeb-sp.vercel.app/relatorios-apm/345_Mococa.pdf
346,Mogi das Cruzes,346_Mogi_das_Cruzes.pdf,https://apm-fundeb-sp.vercel.app/relatorios-apm/346_Mogi_das_Cruzes.pdf
347,Mogi Guaçu,347_Mogi_Guaçu.pdf,https://apm-fundeb-sp.vercel.app/relatorios-apm/347_Mogi_Gua%C3%A7u.pdf
348,Mogi Mirim,348_Mogi_Mirim.pdf,https://apm-fundeb-sp.vercel.app/relatorios-apm/348_Mogi_Mirim.pdf
349,Mombuca,349_Mombuca.pdf,https://apm-fundeb-sp.vercel.app/relatorios-apm/349_Mombuca.pdf
350,Moncoes,350_Moncoes.pdf,https://apm-fundeb-sp.vercel.app/relatorios-apm/350_Moncoes.pdf
351,Mongaguá,351_Mongaguá.pdf,https://apm-fundeb-sp.vercel.app/relatorios-apm/351_Mongagu%C3%A1.pdf
352,Monte Alegre do Sul,352_Monte_Alegre_do_Sul.pdf,https://apm-fundeb-sp.vercel.app/relatorios-apm/352_Monte_Alegre_do_Sul.pdf
353,Monte Alto,353_Monte_Alto.pdf,https://apm-fundeb-sp.vercel.app/relatorios-apm/353_Monte_Alto.pdf
354,Monte Aprazível,354_Monte_Aprazível.pdf,https://apm-fundeb-sp.vercel.app/relatorios-apm/354_Monte_Apraz%C3%ADvel.pdf
355,Monte Azul Paulista,355_Monte_Azul_Paulista.pdf,https://apm-fundeb-sp.vercel.app/relatorios-apm/355_Monte_Azul_Paulista.pdf
356,Monte Castelo,356_Monte_Castelo.pdf,https://apm-fundeb-sp.vercel.app/relatorios-apm/356_Monte_Castelo.pdf
357,Monte Mor,357_Monte_Mor.pdf,https://apm-fundeb-sp.vercel.app/relatorios-apm/357_Monte_Mor.pdf
358,Monteiro Lobato,358_Monteiro_Lobato.pdf,https://apm-fundeb-sp.vercel.app/relatorios-apm/358_Monteiro_Lobato.pdf
359,Morro Agudo,359_Morro_Agudo.pdf,https://apm-fundeb-sp.vercel.app/relatorios-apm/359_Morro_Agudo.pdf
360,Morungaba,360_Morungaba.pdf,https://apm-fundeb-sp.vercel.app/relatorios-apm/360_Morungaba.pdf
361,Motuca,361_Motuca.pdf,https://apm-fundeb-sp.vercel.app/relatorios-apm/361_Motuca.pdf
362,Murutinga do Sul,362_Murutinga_do_Sul.pdf,https://apm-fundeb-sp.vercel.app/relatorios-apm/362_Murutinga_do_Sul.pdf
363,Nantes,363_Nantes.pdf,https://apm-fundeb-sp.vercel.app/relatorios-apm/363_Nantes.pdf
364,Narandiba,364_Narandiba.pdf,https://apm-fundeb-sp.vercel.app/relatorios-apm/364_Narandiba.pdf
365,Natividade da Serra,365_Natividade_da_Serra.pdf,https://apm-fundeb-sp.vercel.app/relatorios-apm/365_Natividade_da_Serra.pdf
366,Nazaré Paulista,366_Nazaré_Paulista.pdf,https://apm-fundeb-sp.vercel.app/relatorios-apm/366_Nazar%C3%A9_Paulista.pdf
367,Neves Paulista,367_Neves_Paulista.pdf,https://apm-fundeb-sp.vercel.app/relatorios-apm/367_Neves_Paulista.pdf
368,Nhandeara,368_Nhandeara.pdf,https://apm-fundeb-sp.vercel.app/relatorios-apm/368_Nhandeara.pdf
369,Nipoã,369_Nipoã.pdf,https://apm-fundeb-sp.vercel.app/relatorios-apm/369_Nipo%C3%A3.pdf
370,Nova Aliança,370_Nova_Aliança.pdf,https://apm-fundeb-sp.vercel.app/relatorios-apm/370_Nova_Alian%C3%A7a.pdf
371,Nova Campina,371_Nova_Campina.pdf,https://apm-fundeb-sp.vercel.app/relatorios-apm/371_Nova_Campina.pdf
372,Nova Canaã Paulista,372_Nova_Canaã_Paulista.pdf,https://apm-fundeb-sp.vercel.app/relatorios-apm/372_Nova_Cana%C3%A3_Paulista.pdf
373,Nova Castilho,373_Nova_Castilho.pdf,https://apm-fundeb-sp.vercel.app/relatorios-apm/373_Nova_Castilho.pdf
374,Nova Europa,374_Nova_Europa.pdf,https://apm-fundeb-sp.vercel.app/relatorios-apm/374_Nova_Europa.pdf
375,Nova Granada,375_Nova_Granada.pdf,https://apm-fundeb-sp.vercel.app/relatorios-apm/375_Nova_Granada.pdf
376,Nova Guataporanga,376_Nova_Guataporanga.pdf,https://apm-fundeb-sp.vercel.app/relatorios-apm/376_Nova_Guataporanga.pdf
377,Nova Independência,377_Nova_Independência.pdf,https://apm-fundeb-sp.vercel.app/relatorios-apm/377_Nova_Independ%C3%AAncia.pdf
378,Nova Luzitânia,378_Nova_Luzitânia.pdf,https://apm-fundeb-sp.vercel.app/relatorios-apm/378_Nova_Luzit%C3%A2nia.pdf
379,Nova Odessa,379_Nova_Odessa.pdf,https://apm-fundeb-sp.vercel.app/relatorios-apm/379_Nova_Odessa.pdf
380,Novais,380_Novais.pdf,https://apm-fundeb-sp.vercel.app/relatorios-apm/380_Novais.pdf
381,Novo Horizonte,381_Novo_Horizonte.pdf,https://apm-fundeb-sp.vercel.app/relatorios-apm/381_Novo_Horizonte.pdf
382,Nuporanga,382_Nuporanga.pdf,https://apm-fundeb-sp.vercel.app/relatorios-apm/382_Nuporanga.pdf
383,Ocauçu,383_Ocauçu.pdf,https://apm-fundeb-sp.vercel.app/relatorios-apm/383_Ocau%C3%A7u.pdf
384,Óleo,384_Óleo.pdf,https://apm-fundeb-sp.vercel.app/relatorios-apm/384_%C3%93leo.pdf
385,Olímpia,385_Olímpia.pdf,https://apm-fundeb-sp.vercel.app/relatorios-apm/385_Ol%C3%ADmpia.pdf
386,Onda Verde,386_Onda_Verde.pdf,https://apm-fundeb-sp.vercel.app/relatorios-apm/386_Onda_Verde.pdf
387,Oriente,387_Oriente.pdf,https://apm-fundeb-sp.vercel.app/relatorios-apm/387_Oriente.pdf
388,Orindiúva,388_Orindiúva.pdf,https://apm-fundeb-sp.vercel.app/relatorios-apm/388_Orindi%C3%BAva.pdf
389,Orlândia,389_Orlândia.pdf,https://apm-fundeb-sp.vercel.app/relatorios-apm/389_Orl%C3%A2ndia.pdf
390,Osasco,390_Osasco.pdf,https://apm-fundeb-sp.vercel.app/relatorios-apm/390_Osasco.pdf
391,Oscar Bressane,391_Oscar_Bressane.pdf,https://apm-fundeb-sp.vercel.app/relatorios-apm/391_Oscar_Bressane.pdf
392,Osvaldo Cruz,392_Osvaldo_Cruz.pdf,https://apm-fundeb-sp.vercel.app/relatorios-apm/392_Osvaldo_Cruz.pdf
393,Ourinhos,393_Ourinhos.pdf,https://apm-fundeb-sp.vercel.app/relatorios-apm/393_Ourinhos.pdf
394,Ouro Verde,394_Ouro_Verde.pdf,https://apm-fundeb-sp.vercel.app/relatorios-apm/394_Ouro_Verde.pdf
395,Ouroeste,395_Ouroeste.pdf,https://apm-fundeb-sp.vercel.app/relatorios-apm/395_Ouroeste.pdf
396,Pacaembu,396_Pacaembu.pdf,https://apm-fundeb-sp.vercel.app/relatorios-apm/396_Pacaembu.pdf
397,Palestina,397_Palestina.pdf,https://apm-fundeb-sp.vercel.app/relatorios-apm/397_Palestina.pdf
398,Palmares Paulista,398_Palmares_Paulista.pdf,https://apm-fundeb-sp.vercel.app/relatorios-apm/398_Palmares_Paulista.pdf
399,Palmeira DOeste,399_Palmeira_DOeste.pdf,https://apm-fundeb-sp.vercel.app/relatorios-apm/399_Palmeira_DOeste.pdf
400,Palmital,400_Palmital.pdf,https://apm-fundeb-sp.vercel.app/relatorios-apm/400_Palmital.pdf
401,Panorama,401_Panorama.pdf,https://apm-fundeb-sp.vercel.app/relatorios-apm/401_Panorama.pdf
402,Paraguaçu Paulista,402_Paraguaçu_Paulista.pdf,https://apm-fundeb-sp.vercel.app/relatorios-apm/402_Paragua%C3%A7u_Paulista.pdf
403,Paraibuna,403_Paraibuna.pdf,https://apm-fundeb-sp.vercel.app/relatorios-apm/403_Paraibuna.pdf
404,Paraíso,404_Paraíso.pdf,https://apm-fundeb-sp.vercel.app/relatorios-apm/404_Para%C3%ADso.pdf
405,Paranapanema,405_Paranapanema.pdf,https://apm-fundeb-sp.vercel.app/relatorios-apm/405_Paranapanema.pdf
406,Paranapuã,406_Paranapuã.pdf,https://apm-fundeb-sp.vercel.app/relatorios-apm/406_Paranapu%C3%A3.pdf
407,Parapuã,407_Parapuã.pdf,https://apm-fundeb-sp.vercel.app/relatorios-apm/407_Parapu%C3%A3.pdf
408,Pardinho,408_Pardinho.pdf,https://apm-fundeb-sp.vercel.app/relatorios-apm/408_Pardinho.pdf
409,Pariquera-Açu,409_Pariquera-Açu.pdf,https://apm-fundeb-sp.vercel.app/relatorios-apm/409_Pariquera-A%C3%A7u.pdf
410,Parisi,410_Parisi.pdf,https://apm-fundeb-sp.vercel.app/relatorios-apm/410_Parisi.pdf
411,Patrocínio Paulista,411_Patrocínio_Paulista.pdf,https://apm-fundeb-sp.vercel.app/relatorios-apm/411_Patroc%C3%ADnio_Paulista.pdf
412,Paulicéia,412_Paulicéia.pdf,https://apm-fundeb-sp.vercel.app/relatorios-apm/412_Paulic%C3%A9ia.pdf
413,Paulínia,413_Paulínia.pdf,https://apm-fundeb-sp.vercel.app/relatorios-apm/413_Paul%C3%ADnia.pdf
414,Paulistânia,414_Paulistânia.pdf,https://apm-fundeb-sp.vercel.app/relatorios-apm/414_Paulist%C3%A2nia.pdf
415,Paulo de Faria,415_Paulo_de_Faria.pdf,https://apm-fundeb-sp.vercel.app/relatorios-apm/415_Paulo_de_Faria.pdf
416,Pederneiras,416_Pederneiras.pdf,https://apm-fundeb-sp.vercel.app/relatorios-apm/416_Pederneiras.pdf
417,Pedra Bela,417_Pedra_Bela.pdf,https://apm-fundeb-sp.vercel.app/relatorios-apm/417_Pedra_Bela.pdf
418,Pedranópolis,418_Pedranópolis.pdf,https://apm-fundeb-sp.vercel.app/relatorios-apm/418_Pedran%C3%B3polis.pdf
419,Pedregulho,419_Pedregulho.pdf,https://apm-fundeb-sp.vercel.app/relatorios-apm/419_Pedregulho.pdf
420,Pedreira,420_Pedreira.pdf,https://apm-fundeb-sp.vercel.app/relatorios-apm/420_Pedreira.pdf
421,Pedrinhas Paulista,421_Pedrinhas_Paulista.pdf,https://apm-fundeb-sp.vercel.app/relatorios-apm/421_Pedrinhas_Paulista.pdf
422,Pedro de Toledo,422_Pedro_de_Toledo.pdf,https://apm-fundeb-sp.vercel.app/relatorios-apm/422_Pedro_de_Toledo.pdf
423,Penápolis,423_Penápolis.pdf,https://apm-fundeb-sp.vercel.app/relatorios-apm/423_Pen%C3%A1polis.pdf
424,Pereira Barreto,424_Pereira_Barreto.pdf,https://apm-fundeb-sp.vercel.app/relatorios-apm/424_Pereira_Barreto.pdf
425,Pereiras,425_Pereiras.pdf,https://apm-fundeb-sp.vercel.app/relatorios-apm/425_Pereiras.pdf
426,Peruíbe,426_Peruíbe.pdf,https://apm-fundeb-sp.vercel.app/relatorios-apm/426_Peru%C3%ADbe.pdf
427,Piacatu,427_Piacatu.pdf,https://apm-fundeb-sp.vercel.app/relatorios-apm/427_Piacatu.pdf
428,Piedade,428_Piedade.pdf,https://apm-fundeb-sp.vercel.app/relatorios-apm/428_Piedade.pdf
429,Pilar do Sul,429_Pilar_do_Sul.pdf,https://apm-fundeb-sp.vercel.app/relatorios-apm/429_Pilar_do_Sul.pdf
430,Pindamonhangaba,430_Pindamonhangaba.pdf,https://apm-fundeb-sp.vercel.app/relatorios-apm/430_Pindamonhangaba.pdf
431,Pindorama,431_Pindorama.pdf,https://apm-fundeb-sp.vercel.app/relatorios-apm/431_Pindorama.pdf
432,Pinhalzinho,432_Pinhalzinho.pdf,https://apm-fundeb-sp.vercel.app/relatorios-apm/432_Pinhalzinho.pdf
433,Piquerobi,433_Piquerobi.pdf,https://apm-fundeb-sp.vercel.app/relatorios-apm/433_Piquerobi.pdf
434,Piquete,434_Piquete.pdf,https://apm-fundeb-sp.vercel.app/relatorios-apm/434_Piquete.pdf
435,Piracaia,435_Piracaia.pdf,https://apm-fundeb-sp.vercel.app/relatorios-apm/435_Piracaia.pdf
436,Piracicaba,436_Piracicaba.pdf,https://apm-fundeb-sp.vercel.app/relatorios-apm/436_Piracicaba.pdf
437,Piraju,437_Piraju.pdf,https://apm-fundeb-sp.vercel.app/relatorios-apm/437_Piraju.pdf
438,Pirajuí,438_Pirajuí.pdf,https://apm-fundeb-sp.vercel.app/relatorios-apm/438_Piraju%C3%AD.pdf
439,Pirangi,439_Pirangi.pdf,https://apm-fundeb-sp.vercel.app/relatorios-apm/439_Pirangi.pdf
440,Pirapora do Bom Jesus,440_Pirapora_do_Bom_Jesus.pdf,https://apm-fundeb-sp.vercel.app/relatorios-apm/440_Pirapora_do_Bom_Jesus.pdf
441,Pirapozinho,441_Pirapozinho.pdf,https://apm-fundeb-sp.vercel.app/relatorios-apm/441_Pirapozinho.pdf
442,Pirassununga,442_Pirassununga.pdf,https://apm-fundeb-sp.vercel.app/relatorios-apm/442_Pirassununga.pdf
443,Piratininga,443_Piratininga.pdf,https://apm-fundeb-sp.vercel.app/relatorios-apm/443_Piratininga.pdf
444,Pitangueiras,444_Pitangueiras.pdf,https://apm-fundeb-sp.vercel.app/relatorios-apm/444_Pitangueiras.pdf
445,Planalto,445_Planalto.pdf,https://apm-fundeb-sp.vercel.app/relatorios-apm/445_Planalto.pdf
446,Platina,446_Platina.pdf,https://apm-fundeb-sp.vercel.app/relatorios-apm/446_Platina.pdf
447,Poá,447_Poá.pdf,https://apm-fundeb-sp.vercel.app/relatorios-apm/447_Po%C3%A1.pdf
448,Poloni,448_Poloni.pdf,https://apm-fundeb-sp.vercel.app/relatorios-apm/448_Poloni.pdf
449,Pompéia,449_Pompéia.pdf,https://apm-fundeb-sp.vercel.app/relatorios-apm/449_Pomp%C3%A9ia.pdf
450,Pongaí,450_Pongaí.pdf,https://apm-fundeb-sp.vercel.app/relatorios-apm/450_Ponga%C3%AD.pdf
451,Pontal,451_Pontal.pdf,https://apm-fundeb-sp.vercel.app/relatorios-apm/451_Pontal.pdf
452,Pontalinda,452_Pontalinda.pdf,https://apm-fundeb-sp.vercel.app/relatorios-apm/452_Pontalinda.pdf
453,Pontes Gestal,453_Pontes_Gestal.pdf,https://apm-fundeb-sp.vercel.app/relatorios-apm/453_Pontes_Gestal.pdf
454,Populina,454_Populina.pdf,https://apm-fundeb-sp.vercel.app/relatorios-apm/454_Populina.pdf
455,Porangaba,455_Porangaba.pdf,https://apm-fundeb-sp.vercel.app/relatorios-apm/455_Porangaba.pdf
456,Porto Feliz,456_Porto_Feliz.pdf,https://apm-fundeb-sp.vercel.app/relatorios-apm/456_Porto_Feliz.pdf
457,Porto Ferreira,457_Porto_Ferreira.pdf,https://apm-fundeb-sp.vercel.app/relatorios-apm/457_Porto_Ferreira.pdf
458,Potim,458_Potim.pdf,https://apm-fundeb-sp.vercel.app/relatorios-apm/458_Potim.pdf
459,Potirendaba,459_Potirendaba.pdf,https://apm-fundeb-sp.vercel.app/relatorios-apm/459_Potirendaba.pdf
460,Pracinha,460_Pracinha.pdf,https://apm-fundeb-sp.vercel.app/relatorios-apm/460_Pracinha.pdf
461,Pradópolis,461_Pradópolis.pdf,https://apm-fundeb-sp.vercel.app/relatorios-apm/461_Prad%C3%B3polis.pdf
462,Praia Grande,462_Praia_Grande.pdf,https://apm-fundeb-sp.vercel.app/relatorios-apm/462_Praia_Grande.pdf
463,Pratânia,463_Pratânia.pdf,https://apm-fundeb-sp.vercel.app/relatorios-apm/463_Prat%C3%A2nia.pdf
464,Presidente Alves,464_Presidente_Alves.pdf,https://apm-fundeb-sp.vercel.app/relatorios-apm/464_Presidente_Alves.pdf
465,Presidente Bernardes,465_Presidente_Bernardes.pdf,https://apm-fundeb-sp.vercel.app/relatorios-apm/465_Presidente_Bernardes.pdf
466,Presidente Epitácio,466_Presidente_Epitácio.pdf,https://apm-fundeb-sp.vercel.app/relatorios-apm/466_Presidente_Epit%C3%A1cio.pdf
467,Presidente Prudente,467_Presidente_Prudente.pdf,https://apm-fundeb-sp.vercel.app/relatorios-apm/467_Presidente_Prudente.pdf
468,Presidente Venceslau,468_Presidente_Venceslau.pdf,https://apm-fundeb-sp.vercel.app/relatorios-apm/468_Presidente_Venceslau.pdf
469,Promissão,469_Promissão.pdf,https://apm-fundeb-sp.vercel.app/relatorios-apm/469_Promiss%C3%A3o.pdf
470,Quadra,470_Quadra.pdf,https://apm-fundeb-sp.vercel.app/relatorios-apm/470_Quadra.pdf
471,Quatá,471_Quatá.pdf,https://apm-fundeb-sp.vercel.app/relatorios-apm/471_Quat%C3%A1.pdf
472,Queiroz,472_Queiroz.pdf,https://apm-fundeb-sp.vercel.app/relatorios-apm/472_Queiroz.pdf
473,Queluz,473_Queluz.pdf,https://apm-fundeb-sp.vercel.app/relatorios-apm/473_Queluz.pdf
474,Quintana,474_Quintana.pdf,https://apm-fundeb-sp.vercel.app/relatorios-apm/474_Quintana.pdf
475,Rafard,475_Rafard.pdf,https://apm-fundeb-sp.vercel.app/relatorios-apm/475_Rafard.pdf
476,Rancharia,476_Rancharia.pdf,https://apm-fundeb-sp.vercel.app/relatorios-apm/476_Rancharia.pdf
477,Redenção da Serra,477_Redenção_da_Serra.pdf,https://apm-fundeb-sp.vercel.app/relatorios-apm/477_Reden%C3%A7%C3%A3o_da_Serra.pdf
478,Regente Feijó,478_Regente_Feijó.pdf,https://apm-fundeb-sp.vercel.app/relatorios-apm/478_Regente_Feij%C3%B3.pdf
479,Reginópolis,479_Reginópolis.pdf,https://apm-fundeb-sp.vercel.app/relatorios-apm/479_Regin%C3%B3polis.pdf
480,Registro,480_Registro.pdf,https://apm-fundeb-sp.vercel.app/relatorios-apm/480_Registro.pdf
481,Restinga,481_Restinga.pdf,https://apm-fundeb-sp.vercel.app/relatorios-apm/481_Restinga.pdf
482,Ribeira,482_Ribeira.pdf,https://apm-fundeb-sp.vercel.app/relatorios-apm/482_Ribeira.pdf
483,Ribeirão Bonito,483_Ribeirão_Bonito.pdf,https://apm-fundeb-sp.vercel.app/relatorios-apm/483_Ribeir%C3%A3o_Bonito.pdf
484,Ribeirão Branco,484_Ribeirão_Branco.pdf,https://apm-fundeb-sp.vercel.app/relatorios-apm/484_Ribeir%C3%A3o_Branco.pdf
485,Ribeirão Corrente,485_Ribeirão_Corrente.pdf,https://apm-fundeb-sp.vercel.app/relatorios-apm/485_Ribeir%C3%A3o_Corrente.pdf
486,Ribeirão do Sul,486_Ribeirão_do_Sul.pdf,https://apm-fundeb-sp.vercel.app/relatorios-apm/486_Ribeir%C3%A3o_do_Sul.pdf
487,Ribeirão dos Índios,487_Ribeirão_dos_Índios.pdf,https://apm-fundeb-sp.vercel.app/relatorios-apm/487_Ribeir%C3%A3o_dos_%C3%8Dndios.pdf
488,Ribeirão Grande,488_Ribeirão_Grande.pdf,https://apm-fundeb-sp.vercel.app/relatorios-apm/488_Ribeir%C3%A3o_Grande.pdf
489,Ribeirão Pires,489_Ribeirão_Pires.pdf,https://apm-fundeb-sp.vercel.app/relatorios-apm/489_Ribeir%C3%A3o_Pires.pdf
490,Ribeirão Preto,490_Ribeirão_Preto.pdf,https://apm-fundeb-sp.vercel.app/relatorios-apm/490_Ribeir%C3%A3o_Preto.pdf
491,Rifaina,491_Rifaina.pdf,https://apm-fundeb-sp.vercel.app/relatorios-apm/491_Rifaina.pdf
492,Rincão,492_Rincão.pdf,https://apm-fundeb-sp.vercel.app/relatorios-apm/492_Rinc%C3%A3o.pdf
493,Rinópolis,493_Rinópolis.pdf,https://apm-fundeb-sp.vercel.app/relatorios-apm/493_Rin%C3%B3polis.pdf
494,Rio Claro,494_Rio_Claro.pdf,https://apm-fundeb-sp.vercel.app/relatorios-apm/494_Rio_Claro.pdf
495,Rio das Pedras,495_Rio_das_Pedras.pdf,https://apm-fundeb-sp.vercel.app/relatorios-apm/495_Rio_das_Pedras.pdf
496,Rio Grande da Serra,496_Rio_Grande_da_Serra.pdf,https://apm-fundeb-sp.vercel.app/relatorios-apm/496_Rio_Grande_da_Serra.pdf
497,Riolândia,497_Riolândia.pdf,https://apm-fundeb-sp.vercel.app/relatorios-apm/497_Riol%C3%A2ndia.pdf
498,Riversul,498_Riversul.pdf,https://apm-fundeb-sp.vercel.app/relatorios-apm/498_Riversul.pdf
499,Rosana,499_Rosana.pdf,https://apm-fundeb-sp.vercel.app/relatorios-apm/499_Rosana.pdf
500,Roseira,500_Roseira.pdf,https://apm-fundeb-sp.vercel.app/relatorios-apm/500_Roseira.pdf
501,Rubiácea,501_Rubiácea.pdf,https://apm-fundeb-sp.vercel.app/relatorios-apm/501_Rubi%C3%A1cea.pdf
502,Rubinéia,502_Rubinéia.pdf,https://apm-fundeb-sp.vercel.app/relatorios-apm/502_Rubin%C3%A9ia.pdf
503,Sabino,503_Sabino.pdf,https://apm-fundeb-sp.vercel.app/relatorios-apm/503_Sabino.pdf
504,Sagres,504_Sagres.pdf,https://apm-fundeb-sp.vercel.app/relatorios-apm/504_Sagres.pdf
505,Sales,505_Sales.pdf,https://apm-fundeb-sp.vercel.app/relatorios-apm/505_Sales.pdf
506,Sales Oliveira,506_Sales_Oliveira.pdf,https://apm-fundeb-sp.vercel.app/relatorios-apm/506_Sales_Oliveira.pdf
507,Salesópolis,507_Salesópolis.pdf,https://apm-fundeb-sp.vercel.app/relatorios-apm/507_Sales%C3%B3polis.pdf
508,Salmourão,508_Salmourão.pdf,https://apm-fundeb-sp.vercel.app/relatorios-apm/508_Salmour%C3%A3o.pdf
509,Saltinho,509_Saltinho.pdf,https://apm-fundeb-sp.vercel.app/relatorios-apm/509_Saltinho.pdf
510,Salto,510_Salto.pdf,https://apm-fundeb-sp.vercel.app/relatorios-apm/510_Salto.pdf
511,Salto de Pirapora,511_Salto_de_Pirapora.pdf,https://apm-fundeb-sp.vercel.app/relatorios-apm/511_Salto_de_Pirapora.pdf
512,Salto Grande,512_Salto_Grande.pdf,https://apm-fundeb-sp.vercel.app/relatorios-apm/512_Salto_Grande.pdf
513,Sandovalina,513_Sandovalina.pdf,https://apm-fundeb-sp.vercel.app/relatorios-apm/513_Sandovalina.pdf
514,Santa Adélia,514_Santa_Adélia.pdf,https://apm-fundeb-sp.vercel.app/relatorios-apm/514_Santa_Ad%C3%A9lia.pdf
515,Santa Albertina,515_Santa_Albertina.pdf,https://apm-fundeb-sp.vercel.app/relatorios-apm/515_Santa_Albertina.pdf
516,Santa Bárbara DOeste,516_Santa_Bárbara_DOeste.pdf,https://apm-fundeb-sp.vercel.app/relatorios-apm/516_Santa_B%C3%A1rbara_DOeste.pdf
517,Santa Branca,517_Santa_Branca.pdf,https://apm-fundeb-sp.vercel.app/relatorios-apm/517_Santa_Branca.pdf
518,Santa Clara DOeste,518_Santa_Clara_DOeste.pdf,https://apm-fundeb-sp.vercel.app/relatorios-apm/518_Santa_Clara_DOeste.pdf
519,Santa Cruz da Conceição,519_Santa_Cruz_da_Conceição.pdf,https://apm-fundeb-sp.vercel.app/relatorios-apm/519_Santa_Cruz_da_Concei%C3%A7%C3%A3o.pdf
520,Santa Cruz da Esperança,520_Santa_Cruz_da_Esperança.pdf,https://apm-fundeb-sp.vercel.app/relatorios-apm/520_Santa_Cruz_da_Esperan%C3%A7a.pdf
521,Santa Cruz das Palmeiras,521_Santa_Cruz_das_Palmeiras.pdf,https://apm-fundeb-sp.vercel.app/relatorios-apm/521_Santa_Cruz_das_Palmeiras.pdf
522,Santa Cruz do Rio Pardo,522_Santa_Cruz_do_Rio_Pardo.pdf,https://apm-fundeb-sp.vercel.app/relatorios-apm/522_Santa_Cruz_do_Rio_Pardo.pdf
523,Santa Ernestina,523_Santa_Ernestina.pdf,https://apm-fundeb-sp.vercel.app/relatorios-apm/523_Santa_Ernestina.pdf
524,Santa Fé do Sul,524_Santa_Fé_do_Sul.pdf,https://apm-fundeb-sp.vercel.app/relatorios-apm/524_Santa_F%C3%A9_do_Sul.pdf
525,Santa Gertrudes,525_Santa_Gertrudes.pdf,https://apm-fundeb-sp.vercel.app/relatorios-apm/525_Santa_Gertrudes.pdf
526,Santa Isabel,526_Santa_Isabel.pdf,https://apm-fundeb-sp.vercel.app/relatorios-apm/526_Santa_Isabel.pdf
527,Santa Lúcia,527_Santa_Lúcia.pdf,https://apm-fundeb-sp.vercel.app/relatorios-apm/527_Santa_L%C3%BAcia.pdf
528,Santa Maria da Serra,528_Santa_Maria_da_Serra.pdf,https://apm-fundeb-sp.vercel.app/relatorios-apm/528_Santa_Maria_da_Serra.pdf
529,Santa Mercedes,529_Santa_Mercedes.pdf,https://apm-fundeb-sp.vercel.app/relatorios-apm/529_Santa_Mercedes.pdf
530,Santa Rita do Passa Quatro,530_Santa_Rita_do_Passa_Quatro.pdf,https://apm-fundeb-sp.vercel.app/relatorios-apm/530_Santa_Rita_do_Passa_Quatro.pdf
531,Santa Rita DOeste,531_Santa_Rita_DOeste.pdf,https://apm-fundeb-sp.vercel.app/relatorios-apm/531_Santa_Rita_DOeste.pdf
532,Santa Rosa de Viterbo,532_Santa_Rosa_de_Viterbo.pdf,https://apm-fundeb-sp.vercel.app/relatorios-apm/532_Santa_Rosa_de_Viterbo.pdf
533,Santa Salete,533_Santa_Salete.pdf,https://apm-fundeb-sp.vercel.app/relatorios-apm/533_Santa_Salete.pdf
534,Santana da Ponte Pensa,534_Santana_da_Ponte_Pensa.pdf,https://apm-fundeb-sp.vercel.app/relatorios-apm/534_Santana_da_Ponte_Pensa.pdf
535,Santana de Parnaíba,535_Santana_de_Parnaíba.pdf,https://apm-fundeb-sp.vercel.app/relatorios-apm/535_Santana_de_Parna%C3%ADba.pdf
536,Santo Anastácio,536_Santo_Anastácio.pdf,https://apm-fundeb-sp.vercel.app/relatorios-apm/536_Santo_Anast%C3%A1cio.pdf
537,Santo André,537_Santo_André.pdf,https://apm-fundeb-sp.vercel.app/relatorios-apm/537_Santo_Andr%C3%A9.pdf
538,Santo Antônio da Alegria,538_Santo_Antônio_da_Alegria.pdf,https://apm-fundeb-sp.vercel.app/relatorios-apm/538_Santo_Ant%C3%B4nio_da_Alegria.pdf
539,Santo Antônio de Posse,539_Santo_Antônio_de_Posse.pdf,https://apm-fundeb-sp.vercel.app/relatorios-apm/539_Santo_Ant%C3%B4nio_de_Posse.pdf
540,Santo Antônio do Aracangua,540_Santo_Antônio_do_Aracangua.pdf,https://apm-fundeb-sp.vercel.app/relatorios-apm/540_Santo_Ant%C3%B4nio_do_Aracangua.pdf
541,Santo Antônio do Jardim,541_Santo_Antônio_do_Jardim.pdf,https://apm-fundeb-sp.vercel.app/relatorios-apm/541_Santo_Ant%C3%B4nio_do_Jardim.pdf
542,Santo Antônio do Pinhal,542_Santo_Antônio_do_Pinhal.pdf,https://apm-fundeb-sp.vercel.app/relatorios-apm/542_Santo_Ant%C3%B4nio_do_Pinhal.pdf
543,Santo Expedito,543_Santo_Expedito.pdf,https://apm-fundeb-sp.vercel.app/relatorios-apm/543_Santo_Expedito.pdf
544,Santópolis do Aguapeí,544_Santópolis_do_Aguapeí.pdf,https://apm-fundeb-sp.vercel.app/relatorios-apm/544_Sant%C3%B3polis_do_Aguape%C3%AD.pdf
545,Santos,545_Santos.pdf,https://apm-fundeb-sp.vercel.app/relatorios-apm/545_Santos.pdf
546,São Bento do Sapucaí,546_São_Bento_do_Sapucaí.pdf,https://apm-fundeb-sp.vercel.app/relatorios-apm/546_S%C3%A3o_Bento_do_Sapuca%C3%AD.pdf
547,São Bernardo do Campo,547_São_Bernardo_do_Campo.pdf,https://apm-fundeb-sp.vercel.app/relatorios-apm/547_S%C3%A3o_Bernardo_do_Campo.pdf
548,São Caetano do Sul,548_São_Caetano_do_Sul.pdf,https://apm-fundeb-sp.vercel.app/relatorios-apm/548_S%C3%A3o_Caetano_do_Sul.pdf
549,São Carlos,549_São_Carlos.pdf,https://apm-fundeb-sp.vercel.app/relatorios-apm/549_S%C3%A3o_Carlos.pdf
550,São Francisco,550_São_Francisco.pdf,https://apm-fundeb-sp.vercel.app/relatorios-apm/550_S%C3%A3o_Francisco.pdf
551,São João da Boa Vista,551_São_João_da_Boa_Vista.pdf,https://apm-fundeb-sp.vercel.app/relatorios-apm/551_S%C3%A3o_Jo%C3%A3o_da_Boa_Vista.pdf
552,São João das Duas Pontes,552_São_João_das_Duas_Pontes.pdf,https://apm-fundeb-sp.vercel.app/relatorios-apm/552_S%C3%A3o_Jo%C3%A3o_das_Duas_Pontes.pdf
553,São João de Iracema,553_São_João_de_Iracema.pdf,https://apm-fundeb-sp.vercel.app/relatorios-apm/553_S%C3%A3o_Jo%C3%A3o_de_Iracema.pdf
554,São João do Pau DAlho,554_São_João_do_Pau_DAlho.pdf,https://apm-fundeb-sp.vercel.app/relatorios-apm/554_S%C3%A3o_Jo%C3%A3o_do_Pau_DAlho.pdf
555,São Joaquim da Barra,555_São_Joaquim_da_Barra.pdf,https://apm-fundeb-sp.vercel.app/relatorios-apm/555_S%C3%A3o_Joaquim_da_Barra.pdf
556,São José da Bela Vista,556_São_José_da_Bela_Vista.pdf,https://apm-fundeb-sp.vercel.app/relatorios-apm/556_S%C3%A3o_Jos%C3%A9_da_Bela_Vista.pdf
557,São José do Barreiro,557_São_José_do_Barreiro.pdf,https://apm-fundeb-sp.vercel.app/relatorios-apm/557_S%C3%A3o_Jos%C3%A9_do_Barreiro.pdf
558,São José do Rio Pardo,558_São_José_do_Rio_Pardo.pdf,https://apm-fundeb-sp.vercel.app/relatorios-apm/558_S%C3%A3o_Jos%C3%A9_do_Rio_Pardo.pdf
559,São José do Rio Preto,559_São_José_do_Rio_Preto.pdf,https://apm-fundeb-sp.vercel.app/relatorios-apm/559_S%C3%A3o_Jos%C3%A9_do_Rio_Preto.pdf
560,São José dos Campos,560_São_José_dos_Campos.pdf,https://apm-fundeb-sp.vercel.app/relatorios-apm/560_S%C3%A3o_Jos%C3%A9_dos_Campos.pdf
561,São Lourenço da Serra,561_São_Lourenço_da_Serra.pdf,https://apm-fundeb-sp.vercel.app/relatorios-apm/561_S%C3%A3o_Louren%C3%A7o_da_Serra.pdf
562,São Luíz do Paraitinga,562_São_Luíz_do_Paraitinga.pdf,https://apm-fundeb-sp.vercel.app/relatorios-apm/562_S%C3%A3o_Lu%C3%ADz_do_Paraitinga.pdf
563,São Manuel,563_São_Manuel.pdf,https://apm-fundeb-sp.vercel.app/relatorios-apm/563_S%C3%A3o_Manuel.pdf
564,São Miguel Arcanjo,564_São_Miguel_Arcanjo.pdf,https://apm-fundeb-sp.vercel.app/relatorios-apm/564_S%C3%A3o_Miguel_Arcanjo.pdf
565,São Paulo,565_São_Paulo.pdf,https://apm-fundeb-sp.vercel.app/relatorios-apm/565_S%C3%A3o_Paulo.pdf
566,São Pedro,566_São_Pedro.pdf,https://apm-fundeb-sp.vercel.app/relatorios-apm/566_S%C3%A3o_Pedro.pdf
567,São Pedro do Turvo,567_São_Pedro_do_Turvo.pdf,https://apm-fundeb-sp.vercel.app/relatorios-apm/567_S%C3%A3o_Pedro_do_Turvo.pdf
568,São Roque,568_São_Roque.pdf,https://apm-fundeb-sp.vercel.app/relatorios-apm/568_S%C3%A3o_Roque.pdf
569,São Sebastião,569_São_Sebastião.pdf,https://apm-fundeb-sp.vercel.app/relatorios-apm/569_S%C3%A3o_Sebasti%C3%A3o.pdf
570,São Sebastião da Grama,570_São_Sebastião_da_Grama.pdf,https://apm-fundeb-sp.vercel.app/relatorios-apm/570_S%C3%A3o_Sebasti%C3%A3o_da_Grama.pdf
571,São Simão,571_São_Simão.pdf,https://apm-fundeb-sp.vercel.app/relatorios-apm/571_S%C3%A3o_Sim%C3%A3o.pdf
572,São Vicente,572_São_Vicente.pdf,https://apm-fundeb-sp.vercel.app/relatorios-apm/572_S%C3%A3o_Vicente.pdf
573,Sarapuí,573_Sarapuí.pdf,https://apm-fundeb-sp.vercel.app/relatorios-apm/573_Sarapu%C3%AD.pdf
574,Sarutaiá,574_Sarutaiá.pdf,https://apm-fundeb-sp.vercel.app/relatorios-apm/574_Sarutai%C3%A1.pdf
575,Sebastianópolis do Sul,575_Sebastianópolis_do_Sul.pdf,https://apm-fundeb-sp.vercel.app/relatorios-apm/575_Sebastian%C3%B3polis_do_Sul.pdf
576,Serra Azul,576_Serra_Azul.pdf,https://apm-fundeb-sp.vercel.app/relatorios-apm/576_Serra_Azul.pdf
577,Serra Negra,577_Serra_Negra.pdf,https://apm-fundeb-sp.vercel.app/relatorios-apm/577_Serra_Negra.pdf
578,Serrana,578_Serrana.pdf,https://apm-fundeb-sp.vercel.app/relatorios-apm/578_Serrana.pdf
579,Sertãozinho,579_Sertãozinho.pdf,https://apm-fundeb-sp.vercel.app/relatorios-apm/579_Sert%C3%A3ozinho.pdf
580,Sete Barras,580_Sete_Barras.pdf,https://apm-fundeb-sp.vercel.app/relatorios-apm/580_Sete_Barras.pdf
581,Severínia,581_Severínia.pdf,https://apm-fundeb-sp.vercel.app/relatorios-apm/581_Sever%C3%ADnia.pdf
582,Silveiras,582_Silveiras.pdf,https://apm-fundeb-sp.vercel.app/relatorios-apm/582_Silveiras.pdf
583,Socorro,583_Socorro.pdf,https://apm-fundeb-sp.vercel.app/relatorios-apm/583_Socorro.pdf
584,Sorocaba,584_Sorocaba.pdf,https://apm-fundeb-sp.vercel.app/relatorios-apm/584_Sorocaba.pdf
585,Sud Mennucci,585_Sud_Mennucci.pdf,https://apm-fundeb-sp.vercel.app/relatorios-apm/585_Sud_Mennucci.pdf
586,Sumaré,586_Sumaré.pdf,https://apm-fundeb-sp.vercel.app/relatorios-apm/586_Sumar%C3%A9.pdf
587,Suzanápolis,587_Suzanápolis.pdf,https://apm-fundeb-sp.vercel.app/relatorios-apm/587_Suzan%C3%A1polis.pdf
588,Suzano,588_Suzano.pdf,https://apm-fundeb-sp.vercel.app/relatorios-apm/588_Suzano.pdf
589,Tabapuã,589_Tabapuã.pdf,https://apm-fundeb-sp.vercel.app/relatorios-apm/589_Tabapu%C3%A3.pdf
590,Tabatinga,590_Tabatinga.pdf,https://apm-fundeb-sp.vercel.app/relatorios-apm/590_Tabatinga.pdf
591,Taboão da Serra,591_Taboão_da_Serra.pdf,https://apm-fundeb-sp.vercel.app/relatorios-apm/591_Tabo%C3%A3o_da_Serra.pdf
592,Taciba,592_Taciba.pdf,https://apm-fundeb-sp.vercel.app/relatorios-apm/592_Taciba.pdf
593,Taguaí,593_Taguaí.pdf,https://apm-fundeb-sp.vercel.app/relatorios-apm/593_Tagua%C3%AD.pdf
594,Taiaçu,594_Taiaçu.pdf,https://apm-fundeb-sp.vercel.app/relatorios-apm/594_Taia%C3%A7u.pdf
595,Taiúva,595_Taiúva.pdf,https://apm-fundeb-sp.vercel.app/relatorios-apm/595_Tai%C3%BAva.pdf
596,Tambaú,596_Tambaú.pdf,https://apm-fundeb-sp.vercel.app/relatorios-apm/596_Tamba%C3%BA.pdf
597,Tanabi,597_Tanabi.pdf,https://apm-fundeb-sp.vercel.app/relatorios-apm/597_Tanabi.pdf
598,Tapiraí,598_Tapiraí.pdf,https://apm-fundeb-sp.vercel.app/relatorios-apm/598_Tapira%C3%AD.pdf
599,Tapiratiba,599_Tapiratiba.pdf,https://apm-fundeb-sp.vercel.app/relatorios-apm/599_Tapiratiba.pdf
600,Taquaral,600_Taquaral.pdf,https://apm-fundeb-sp.vercel.app/relatorios-apm/600_Taquaral.pdf
601,Taquaritinga,601_Taquaritinga.pdf,https://apm-fundeb-sp.vercel.app/relatorios-apm/601_Taquaritinga.pdf
602,Taquarituba,602_Taquarituba.pdf,https://apm-fundeb-sp.vercel.app/relatorios-apm/602_Taquarituba.pdf
603,Taquarivaí,603_Taquarivaí.pdf,https://apm-fundeb-sp.vercel.app/relatorios-apm/603_Taquariva%C3%AD.pdf
604,Tarabai,604_Tarabai.pdf,https://apm-fundeb-sp.vercel.app/relatorios-apm/604_Tarabai.pdf
605,Tarumã,605_Tarumã.pdf,https://apm-fundeb-sp.vercel.app/relatorios-apm/605_Tarum%C3%A3.pdf
606,Tatuí,606_Tatuí.pdf,https://apm-fundeb-sp.vercel.app/relatorios-apm/606_Tatu%C3%AD.pdf
607,Taubaté,607_Taubaté.pdf,https://apm-fundeb-sp.vercel.app/relatorios-apm/607_Taubat%C3%A9.pdf
608,Tejupá,608_Tejupá.pdf,https://apm-fundeb-sp.vercel.app/relatorios-apm/608_Tejup%C3%A1.pdf
609,Teodoro Sampaio,609_Teodoro_Sampaio.pdf,https://apm-fundeb-sp.vercel.app/relatorios-apm/609_Teodoro_Sampaio.pdf
610,Terra Roxa,610_Terra_Roxa.pdf,https://apm-fundeb-sp.vercel.app/relatorios-apm/610_Terra_Roxa.pdf
611,Tietê,611_Tietê.pdf,https://apm-fundeb-sp.vercel.app/relatorios-apm/611_Tiet%C3%AA.pdf
612,Timburi,612_Timburi.pdf,https://apm-fundeb-sp.vercel.app/relatorios-apm/612_Timburi.pdf
613,Torre de Pedra,613_Torre_de_Pedra.pdf,https://apm-fundeb-sp.vercel.app/relatorios-apm/613_Torre_de_Pedra.pdf
614,Torrinha,614_Torrinha.pdf,https://apm-fundeb-sp.vercel.app/relatorios-apm/614_Torrinha.pdf
615,Trabiju,615_Trabiju.pdf,https://apm-fundeb-sp.vercel.app/relatorios-apm/615_Trabiju.pdf
616,Tremembé,616_Tremembé.pdf,https://apm-fundeb-sp.vercel.app/relatorios-apm/616_Trememb%C3%A9.pdf
617,Três Fronteiras,617_Três_Fronteiras.pdf,https://apm-fundeb-sp.vercel.app/relatorios-apm/617_Tr%C3%AAs_Fronteiras.pdf
618,Tuiuti,618_Tuiuti.pdf,https://apm-fundeb-sp.vercel.app/relatorios-apm/618_Tuiuti.pdf
619,Tupã,619_Tupã.pdf,https://apm-fundeb-sp.vercel.app/relatorios-apm/619_Tup%C3%A3.pdf
620,Tupi Paulista,620_Tupi_Paulista.pdf,https://apm-fundeb-sp.vercel.app/relatorios-apm/620_Tupi_Paulista.pdf
621,Turiúba,621_Turiúba.pdf,https://apm-fundeb-sp.vercel.app/relatorios-apm/621_Turi%C3%BAba.pdf
622,Turmalina,622_Turmalina.pdf,https://apm-fundeb-sp.vercel.app/relatorios-apm/622_Turmalina.pdf
623,Ubarana,623_Ubarana.pdf,https://apm-fundeb-sp.vercel.app/relatorios-apm/623_Ubarana.pdf
624,Ubatuba,624_Ubatuba.pdf,https://apm-fundeb-sp.vercel.app/relatorios-apm/624_Ubatuba.pdf
625,Ubirajara,625_Ubirajara.pdf,https://apm-fundeb-sp.vercel.app/relatorios-apm/625_Ubirajara.pdf
626,Uchoa,626_Uchoa.pdf,https://apm-fundeb-sp.vercel.app/relatorios-apm/626_Uchoa.pdf
627,União Paulista,627_União_Paulista.pdf,https://apm-fundeb-sp.vercel.app/relatorios-apm/627_Uni%C3%A3o_Paulista.pdf
628,Urânia,628_Urânia.pdf,https://apm-fundeb-sp.vercel.app/relatorios-apm/628_Ur%C3%A2nia.pdf
629,Uru,629_Uru.pdf,https://apm-fundeb-sp.vercel.app/relatorios-apm/629_Uru.pdf
630,Urupês,630_Urupês.pdf,https://apm-fundeb-sp.vercel.app/relatorios-apm/630_Urup%C3%AAs.pdf
631,Valentim Gentil,631_Valentim_Gentil.pdf,https://apm-fundeb-sp.vercel.app/relatorios-apm/631_Valentim_Gentil.pdf
632,Valinhos,632_Valinhos.pdf,https://apm-fundeb-sp.vercel.app/relatorios-apm/632_Valinhos.pdf
633,Valparaíso,633_Valparaíso.pdf,https://apm-fundeb-sp.vercel.app/relatorios-apm/633_Valpara%C3%ADso.pdf
634,Vargem,634_Vargem.pdf,https://apm-fundeb-sp.vercel.app/relatorios-apm/634_Vargem.pdf
635,Vargem Grande do Sul,635_Vargem_Grande_do_Sul.pdf,https://apm-fundeb-sp.vercel.app/relatorios-apm/635_Vargem_Grande_do_Sul.pdf
636,Vargem Grande Paulista,636_Vargem_Grande_Paulista.pdf,https://apm-fundeb-sp.vercel.app/relatorios-apm/636_Vargem_Grande_Paulista.pdf
637,Várzea Paulista,637_Várzea_Paulista.pdf,https://apm-fundeb-sp.vercel.app/relatorios-apm/637_V%C3%A1rzea_Paulista.pdf
638,Vera Cruz,638_Vera_Cruz.pdf,https://apm-fundeb-sp.vercel.app/relatorios-apm/638_Vera_Cruz.pdf
639,Vinhedo,639_Vinhedo.pdf,https://apm-fundeb-sp.vercel.app/relatorios-apm/639_Vinhedo.pdf
640,Viradouro,640_Viradouro.pdf,https://apm-fundeb-sp.vercel.app/relatorios-apm/640_Viradouro.pdf
641,Vista Alegre do Alto,641_Vista_Alegre_do_Alto.pdf,https://apm-fundeb-sp.vercel.app/relatorios-apm/641_Vista_Alegre_do_Alto.pdf
642,Vitória Brasil,642_Vitória_Brasil.pdf,https://apm-fundeb-sp.vercel.app/relatorios-apm/642_Vit%C3%B3ria_Brasil.pdf
643,Votorantim,643_Votorantim.pdf,https://apm-fundeb-sp.vercel.app/relatorios-apm/643_Votorantim.pdf
644,Votuporanga,644_Votuporanga.pdf,https://apm-fundeb-sp.vercel.app/relatorios-apm/644_Votuporanga.pdf
645,Zacarias,645_Zacarias.pdf,https://apm-fundeb-sp.vercel.app/relatorios-apm/645_Zacarias.pdf
